Floor,Zone,Row,Seat_Number,Seat_Type,Display_Text,X,Y,Z,View_ID
1F,OP,1열,1,일반 좌석,1,25.13,15.0,-1.35,View_1F_OP_1_1
1F,OP,1열,2,일반 좌석,2,24.62,15.11,-1.35,View_1F_OP_1_2
1F,OP,1열,3,일반 좌석,3,24.1,15.19,-1.35,View_1F_OP_1_3
1F,OP,1열,4,일반 좌석,4,22.52,15.49,-1.35,View_1F_OP_1_4
1F,OP,1열,5,일반 좌석,5,21.98,15.48,-1.35,View_1F_OP_1_5
1F,OP,1열,6,일반 좌석,6,21.44,15.47,-1.35,View_1F_OP_1_6
1F,OP,1열,7,일반 좌석,7,20.9,15.46,-1.35,View_1F_OP_1_7
1F,OP,1열,8,일반 좌석,8,20.36,15.45,-1.35,View_1F_OP_1_8
1F,OP,1열,9,일반 좌석,9,19.82,15.44,-1.35,View_1F_OP_1_9
1F,OP,1열,10,일반 좌석,10,19.28,15.43,-1.35,View_1F_OP_1_10
1F,OP,1열,11,일반 좌석,11,18.74,15.42,-1.35,View_1F_OP_1_11
1F,OP,1열,12,일반 좌석,12,18.2,15.41,-1.35,View_1F_OP_1_12
1F,OP,1열,13,일반 좌석,13,17.66,15.4,-1.35,View_1F_OP_1_13
1F,OP,1열,14,일반 좌석,14,17.12,15.39,-1.35,View_1F_OP_1_14
1F,OP,1열,15,일반 좌석,15,16.58,15.38,-1.35,View_1F_OP_1_15
1F,OP,1열,16,일반 좌석,16,16.04,15.37,-1.35,View_1F_OP_1_16
1F,OP,1열,17,일반 좌석,17,15.5,15.36,-1.35,View_1F_OP_1_17
1F,OP,1열,18,일반 좌석,18,13.79,15.2,-1.35,View_1F_OP_1_18
1F,OP,1열,19,일반 좌석,19,13.31,15.05,-1.35,View_1F_OP_1_19
1F,OP,1열,20,일반 좌석,20,12.82,14.95,-1.35,View_1F_OP_1_20
1F,OP,2열,1,일반 좌석,1,26.36,15.57,-1.35,View_1F_OP_2_1
1F,OP,2열,2,일반 좌석,2,25.8,15.68,-1.35,View_1F_OP_2_2
1F,OP,2열,3,일반 좌석,3,25.25,15.78,-1.35,View_1F_OP_2_3
1F,OP,2열,4,일반 좌석,4,24.69,15.89,-1.35,View_1F_OP_2_4
1F,OP,2열,5,일반 좌석,5,24.13,15.99,-1.35,View_1F_OP_2_5
1F,OP,2열,6,일반 좌석,6,22.51,16.29,-1.35,View_1F_OP_2_6
1F,OP,2열,7,일반 좌석,7,21.97,16.3,-1.35,View_1F_OP_2_7
1F,OP,2열,8,일반 좌석,8,21.43,16.3,-1.35,View_1F_OP_2_8
1F,OP,2열,9,일반 좌석,9,20.89,16.31,-1.35,View_1F_OP_2_9
1F,OP,2열,10,일반 좌석,10,20.34,16.31,-1.35,View_1F_OP_2_10
1F,OP,2열,11,일반 좌석,11,19.8,16.32,-1.35,View_1F_OP_2_11
1F,OP,2열,12,일반 좌석,12,19.26,16.33,-1.35,View_1F_OP_2_12
1F,OP,2열,13,일반 좌석,13,18.72,16.33,-1.35,View_1F_OP_2_13
1F,OP,2열,14,일반 좌석,14,18.18,16.34,-1.35,View_1F_OP_2_14
1F,OP,2열,15,일반 좌석,15,17.64,16.34,-1.35,View_1F_OP_2_15
1F,OP,2열,16,일반 좌석,16,17.09,16.35,-1.35,View_1F_OP_2_16
1F,OP,2열,17,일반 좌석,17,16.55,16.36,-1.35,View_1F_OP_2_17
1F,OP,2열,18,일반 좌석,18,16.01,16.36,-1.35,View_1F_OP_2_18
1F,OP,2열,19,일반 좌석,19,15.47,16.37,-1.35,View_1F_OP_2_19
1F,OP,2열,20,일반 좌석,20,13.78,16.07,-1.35,View_1F_OP_2_20
1F,OP,2열,21,일반 좌석,21,13.23,15.94,-1.35,View_1F_OP_2_21
1F,OP,2열,22,일반 좌석,22,12.68,15.82,-1.35,View_1F_OP_2_22
1F,OP,2열,23,일반 좌석,23,12.13,15.69,-1.35,View_1F_OP_2_23
1F,OP,2열,24,일반 좌석,24,11.58,15.56,-1.35,View_1F_OP_2_24
1F,OP,3열,1,일반 좌석,1,26.76,16.35,-1.35,View_1F_OP_3_1
1F,OP,3열,2,일반 좌석,2,26.25,16.49,-1.35,View_1F_OP_3_2
1F,OP,3열,3,일반 좌석,3,25.74,16.63,-1.35,View_1F_OP_3_3
1F,OP,3열,4,일반 좌석,4,25.22,16.76,-1.35,View_1F_OP_3_4
1F,OP,3열,5,일반 좌석,5,24.71,16.9,-1.35,View_1F_OP_3_5
1F,OP,3열,6,일반 좌석,6,24.2,17.04,-1.35,View_1F_OP_3_6
1F,OP,3열,7,일반 좌석,7,22.46,17.26,-1.35,View_1F_OP_3_7
1F,OP,3열,8,일반 좌석,8,21.92,17.25,-1.35,View_1F_OP_3_8
1F,OP,3열,9,일반 좌석,9,21.38,17.25,-1.35,View_1F_OP_3_9
1F,OP,3열,10,일반 좌석,10,20.83,17.24,-1.35,View_1F_OP_3_10
1F,OP,3열,11,일반 좌석,11,20.29,17.24,-1.35,View_1F_OP_3_11
1F,OP,3열,12,일반 좌석,12,19.75,17.23,-1.35,View_1F_OP_3_12
1F,OP,3열,13,일반 좌석,13,19.21,17.23,-1.35,View_1F_OP_3_13
1F,OP,3열,14,일반 좌석,14,18.67,17.22,-1.35,View_1F_OP_3_14
1F,OP,3열,15,일반 좌석,15,18.13,17.22,-1.35,View_1F_OP_3_15
1F,OP,3열,16,일반 좌석,16,17.58,17.21,-1.35,View_1F_OP_3_16
1F,OP,3열,17,일반 좌석,17,17.04,17.21,-1.35,View_1F_OP_3_17
1F,OP,3열,18,일반 좌석,18,16.5,17.2,-1.35,View_1F_OP_3_18
1F,OP,3열,19,일반 좌석,19,15.95,17.2,-1.35,View_1F_OP_3_19
1F,OP,3열,20,일반 좌석,20,15.41,17.19,-1.35,View_1F_OP_3_20
1F,OP,3열,21,일반 좌석,21,13.75,16.9,-1.35,View_1F_OP_3_21
1F,OP,3열,22,일반 좌석,22,13.23,16.77,-1.35,View_1F_OP_3_22
1F,OP,3열,23,일반 좌석,23,12.71,16.65,-1.35,View_1F_OP_3_23
1F,OP,3열,24,일반 좌석,24,12.19,16.52,-1.35,View_1F_OP_3_24
1F,OP,3열,25,일반 좌석,25,11.67,16.4,-1.35,View_1F_OP_3_25
1F,OP,3열,26,일반 좌석,26,11.15,16.27,-1.35,View_1F_OP_3_26
1F,A,1열,1,none,,0.0,0.0,0.0,View_1F_A_1_1
1F,A,1열,2,일반 좌석,1,28.14,18.31,-1.08,View_1F_A_1_2
1F,A,1열,3,일반 좌석,2,27.62,18.4,-1.08,View_1F_A_1_3
1F,A,1열,4,일반 좌석,3,27.1,18.49,-1.08,View_1F_A_1_4
1F,A,1열,5,일반 좌석,4,26.58,18.58,-1.08,View_1F_A_1_5
1F,A,1열,6,일반 좌석,5,26.06,18.67,-1.08,View_1F_A_1_6
1F,A,1열,7,일반 좌석,6,25.54,18.76,-1.08,View_1F_A_1_7
1F,A,1열,8,일반 좌석,7,25.02,18.85,-1.08,View_1F_A_1_8
1F,A,1열,9,일반 좌석,8,24.5,18.94,-1.08,View_1F_A_1_9
1F,A,1열,10,일반 좌석,9,23.98,19.03,-1.08,View_1F_A_1_10
1F,A,2열,1,일반 좌석,1,28.68,19.04,-1.39,View_1F_A_2_1
1F,A,2열,2,일반 좌석,2,28.21,19.15,-1.39,View_1F_A_2_2
1F,A,2열,3,일반 좌석,3,27.71,19.26,-1.39,View_1F_A_2_3
1F,A,2열,4,일반 좌석,4,27.2,19.37,-1.39,View_1F_A_2_4
1F,A,2열,5,일반 좌석,5,26.69,19.48,-1.39,View_1F_A_2_5
1F,A,2열,6,일반 좌석,6,26.19,19.59,-1.39,View_1F_A_2_6
1F,A,2열,7,일반 좌석,7,25.68,19.7,-1.39,View_1F_A_2_7
1F,A,2열,8,일반 좌석,8,25.17,19.81,-1.39,View_1F_A_2_8
1F,A,2열,9,일반 좌석,9,24.67,19.92,-1.39,View_1F_A_2_9
1F,A,2열,10,일반 좌석,10,24.16,20.03,-1.39,View_1F_A_2_10
1F,A,3열,1,일반 좌석,1,28.76,19.97,-1.38,View_1F_A_3_1
1F,A,3열,2,일반 좌석,2,28.246,20.077,-1.38,View_1F_A_3_2
1F,A,3열,3,일반 좌석,3,27.731,20.183,-1.38,View_1F_A_3_3
1F,A,3열,4,일반 좌석,4,27.217,20.29,-1.38,View_1F_A_3_4
1F,A,3열,5,일반 좌석,5,26.702,20.397,-1.38,View_1F_A_3_5
1F,A,3열,6,일반 좌석,6,26.188,20.503,-1.38,View_1F_A_3_6
1F,A,3열,7,일반 좌석,7,25.673,20.61,-1.38,View_1F_A_3_7
1F,A,3열,8,일반 좌석,8,25.159,20.717,-1.38,View_1F_A_3_8
1F,A,3열,9,일반 좌석,9,24.644,20.823,-1.38,View_1F_A_3_9
1F,A,3열,10,일반 좌석,10,24.13,20.93,-1.38,View_1F_A_3_10
1F,A,4열,1,일반 좌석,1,28.63,20.82,-1.21,View_1F_A_4_1
1F,A,4열,2,일반 좌석,2,28.113,20.913,-1.21,View_1F_A_4_2
1F,A,4열,3,일반 좌석,3,27.597,21.007,-1.21,View_1F_A_4_3
1F,A,4열,4,일반 좌석,4,27.08,21.1,-1.21,View_1F_A_4_4
1F,A,4열,5,일반 좌석,5,26.563,21.193,-1.21,View_1F_A_4_5
1F,A,4열,6,일반 좌석,6,26.047,21.287,-1.21,View_1F_A_4_6
1F,A,4열,7,일반 좌석,7,25.53,21.38,-1.21,View_1F_A_4_7
1F,A,4열,8,일반 좌석,8,25.013,21.473,-1.21,View_1F_A_4_8
1F,A,4열,9,일반 좌석,9,24.497,21.567,-1.21,View_1F_A_4_9
1F,A,4열,10,일반 좌석,10,23.98,21.66,-1.21,View_1F_A_4_10
1F,A,5열,1,일반 좌석,1,28.72,21.79,-1.21,View_1F_A_5_1
1F,A,5열,2,일반 좌석,2,28.199,21.882,-1.21,View_1F_A_5_2
1F,A,5열,3,일반 좌석,3,27.678,21.974,-1.21,View_1F_A_5_3
1F,A,5열,4,일반 좌석,4,27.157,22.067,-1.21,View_1F_A_5_4
1F,A,5열,5,일반 좌석,5,26.636,22.159,-1.21,View_1F_A_5_5
1F,A,5열,6,일반 좌석,6,26.114,22.251,-1.21,View_1F_A_5_6
1F,A,5열,7,일반 좌석,7,25.593,22.343,-1.21,View_1F_A_5_7
1F,A,5열,8,일반 좌석,8,25.072,22.436,-1.21,View_1F_A_5_8
1F,A,5열,9,일반 좌석,9,24.551,22.528,-1.21,View_1F_A_5_9
1F,A,5열,10,일반 좌석,10,24.03,22.62,-1.21,View_1F_A_5_10
1F,A,6열,1,일반 좌석,1,28.66,22.65,-1.01,View_1F_A_6_1
1F,A,6열,2,일반 좌석,2,28.149,22.754,-1.01,View_1F_A_6_2
1F,A,6열,3,일반 좌석,3,27.638,22.859,-1.01,View_1F_A_6_3
1F,A,6열,4,일반 좌석,4,27.127,22.963,-1.01,View_1F_A_6_4
1F,A,6열,5,일반 좌석,5,26.616,23.068,-1.01,View_1F_A_6_5
1F,A,6열,6,일반 좌석,6,26.104,23.172,-1.01,View_1F_A_6_6
1F,A,6열,7,일반 좌석,7,25.593,23.277,-1.01,View_1F_A_6_7
1F,A,6열,8,일반 좌석,8,25.082,23.381,-1.01,View_1F_A_6_8
1F,A,6열,9,일반 좌석,9,24.571,23.486,-1.01,View_1F_A_6_9
1F,A,6열,10,일반 좌석,10,24.06,23.59,-1.01,View_1F_A_6_10
1F,A,7열,1,일반 좌석,1,28.64,23.51,-0.77,View_1F_A_7_1
1F,A,7열,2,일반 좌석,2,28.134,23.614,-0.77,View_1F_A_7_2
1F,A,7열,3,일반 좌석,3,27.629,23.719,-0.77,View_1F_A_7_3
1F,A,7열,4,일반 좌석,4,27.123,23.823,-0.77,View_1F_A_7_4
1F,A,7열,5,일반 좌석,5,26.618,23.928,-0.77,View_1F_A_7_5
1F,A,7열,6,일반 좌석,6,26.112,24.032,-0.77,View_1F_A_7_6
1F,A,7열,7,일반 좌석,7,25.607,24.137,-0.77,View_1F_A_7_7
1F,A,7열,8,일반 좌석,8,25.101,24.241,-0.77,View_1F_A_7_8
1F,A,7열,9,일반 좌석,9,24.596,24.346,-0.77,View_1F_A_7_9
1F,A,7열,10,일반 좌석,10,24.09,24.45,-0.77,View_1F_A_7_10
1F,A,8열,1,일반 좌석,1,28.64,24.47,-0.72,View_1F_A_8_1
1F,A,8열,2,일반 좌석,2,28.156,24.57,-0.72,View_1F_A_8_2
1F,A,8열,3,일반 좌석,3,27.671,24.67,-0.72,View_1F_A_8_3
1F,A,8열,4,일반 좌석,4,27.187,24.77,-0.72,View_1F_A_8_4
1F,A,8열,5,일반 좌석,5,26.702,24.87,-0.72,View_1F_A_8_5
1F,A,8열,6,일반 좌석,6,26.218,24.97,-0.72,View_1F_A_8_6
1F,A,8열,7,일반 좌석,7,25.733,25.07,-0.72,View_1F_A_8_7
1F,A,8열,8,일반 좌석,8,25.249,25.17,-0.72,View_1F_A_8_8
1F,A,8열,9,일반 좌석,9,24.764,25.27,-0.72,View_1F_A_8_9
1F,A,8열,10,일반 좌석,10,24.28,25.37,-0.72,View_1F_A_8_10
1F,A,9열,1,일반 좌석,1,28.62,25.36,-0.74,View_1F_A_9_1
1F,A,9열,2,일반 좌석,2,28.126,25.463,-0.729,View_1F_A_9_2
1F,A,9열,3,일반 좌석,3,27.631,25.567,-0.718,View_1F_A_9_3
1F,A,9열,4,일반 좌석,4,27.137,25.67,-0.707,View_1F_A_9_4
1F,A,9열,5,일반 좌석,5,26.642,25.773,-0.696,View_1F_A_9_5
1F,A,9열,6,일반 좌석,6,26.148,25.877,-0.684,View_1F_A_9_6
1F,A,9열,7,일반 좌석,7,25.653,25.98,-0.673,View_1F_A_9_7
1F,A,9열,8,일반 좌석,8,25.159,26.083,-0.662,View_1F_A_9_8
1F,A,9열,9,일반 좌석,9,24.664,26.187,-0.651,View_1F_A_9_9
1F,A,9열,10,일반 좌석,10,24.17,26.29,-0.64,View_1F_A_9_10
1F,A,10열,1,일반 좌석,1,28.73,26.24,-0.68,View_1F_A_10_1
1F,A,10열,2,일반 좌석,2,28.204,26.333,-0.68,View_1F_A_10_2
1F,A,10열,3,일반 좌석,3,27.679,26.427,-0.68,View_1F_A_10_3
1F,A,10열,4,일반 좌석,4,27.153,26.52,-0.68,View_1F_A_10_4
1F,A,10열,5,일반 좌석,5,26.628,26.613,-0.68,View_1F_A_10_5
1F,A,10열,6,일반 좌석,6,26.102,26.707,-0.68,View_1F_A_10_6
1F,A,10열,7,일반 좌석,7,25.577,26.8,-0.68,View_1F_A_10_7
1F,A,10열,8,일반 좌석,8,25.051,26.893,-0.68,View_1F_A_10_8
1F,A,10열,9,일반 좌석,9,24.526,26.987,-0.68,View_1F_A_10_9
1F,A,10열,10,일반 좌석,10,24.0,27.08,-0.68,View_1F_A_10_10
1F,A,11열,1,일반 좌석,1,28.7,27.22,-0.48,View_1F_A_11_1
1F,A,11열,2,일반 좌석,2,28.182,27.311,-0.48,View_1F_A_11_2
1F,A,11열,3,일반 좌석,3,27.664,27.402,-0.48,View_1F_A_11_3
1F,A,11열,4,일반 좌석,4,27.147,27.493,-0.48,View_1F_A_11_4
1F,A,11열,5,일반 좌석,5,26.629,27.584,-0.48,View_1F_A_11_5
1F,A,11열,6,일반 좌석,6,26.111,27.676,-0.48,View_1F_A_11_6
1F,A,11열,7,일반 좌석,7,25.593,27.767,-0.48,View_1F_A_11_7
1F,A,11열,8,일반 좌석,8,25.076,27.858,-0.48,View_1F_A_11_8
1F,A,11열,9,일반 좌석,9,24.558,27.949,-0.48,View_1F_A_11_9
1F,A,11열,10,일반 좌석,10,24.04,28.04,-0.48,View_1F_A_11_10
1F,A,12열,1,일반 좌석,1,28.74,28.19,-0.28,View_1F_A_12_1
1F,A,12열,2,일반 좌석,2,28.211,28.271,-0.28,View_1F_A_12_2
1F,A,12열,3,일반 좌석,3,27.682,28.352,-0.28,View_1F_A_12_3
1F,A,12열,4,일반 좌석,4,27.153,28.433,-0.28,View_1F_A_12_4
1F,A,12열,5,일반 좌석,5,26.624,28.514,-0.28,View_1F_A_12_5
1F,A,12열,6,일반 좌석,6,26.096,28.596,-0.28,View_1F_A_12_6
1F,A,12열,7,일반 좌석,7,25.567,28.677,-0.28,View_1F_A_12_7
1F,A,12열,8,일반 좌석,8,25.038,28.758,-0.28,View_1F_A_12_8
1F,A,12열,9,일반 좌석,9,24.509,28.839,-0.28,View_1F_A_12_9
1F,A,12열,10,일반 좌석,10,23.98,28.92,-0.28,View_1F_A_12_10
1F,A,13열,1,일반 좌석,1,28.74,29.29,-0.16,View_1F_A_13_1
1F,A,13열,2,일반 좌석,2,28.231,29.352,-0.16,View_1F_A_13_2
1F,A,13열,3,일반 좌석,3,27.722,29.414,-0.16,View_1F_A_13_3
1F,A,13열,4,일반 좌석,4,27.213,29.477,-0.16,View_1F_A_13_4
1F,A,13열,5,일반 좌석,5,26.704,29.539,-0.16,View_1F_A_13_5
1F,A,13열,6,일반 좌석,6,26.196,29.601,-0.16,View_1F_A_13_6
1F,A,13열,7,일반 좌석,7,25.687,29.663,-0.16,View_1F_A_13_7
1F,A,13열,8,일반 좌석,8,25.178,29.726,-0.16,View_1F_A_13_8
1F,A,13열,9,일반 좌석,9,24.669,29.788,-0.16,View_1F_A_13_9
1F,A,13열,10,일반 좌석,10,24.16,29.85,-0.16,View_1F_A_13_10
1F,A,14열,1,일반 좌석,1,28.77,30.01,0.08,View_1F_A_14_1
1F,A,14열,2,일반 좌석,2,28.252,30.094,0.08,View_1F_A_14_2
1F,A,14열,3,일반 좌석,3,27.734,30.179,0.08,View_1F_A_14_3
1F,A,14열,4,일반 좌석,4,27.217,30.263,0.08,View_1F_A_14_4
1F,A,14열,5,일반 좌석,5,26.699,30.348,0.08,View_1F_A_14_5
1F,A,14열,6,일반 좌석,6,26.181,30.432,0.08,View_1F_A_14_6
1F,A,14열,7,일반 좌석,7,25.663,30.517,0.08,View_1F_A_14_7
1F,A,14열,8,일반 좌석,8,25.146,30.601,0.08,View_1F_A_14_8
1F,A,14열,9,일반 좌석,9,24.628,30.686,0.08,View_1F_A_14_9
1F,A,14열,10,일반 좌석,10,24.11,30.77,0.08,View_1F_A_14_10
1F,A,15열,1,일반 좌석,1,28.74,30.89,0.22,View_1F_A_15_1
1F,A,15열,2,일반 좌석,2,28.227,30.987,0.22,View_1F_A_15_2
1F,A,15열,3,일반 좌석,3,27.713,31.083,0.22,View_1F_A_15_3
1F,A,15열,4,일반 좌석,4,27.2,31.18,0.22,View_1F_A_15_4
1F,A,15열,5,일반 좌석,5,26.687,31.277,0.22,View_1F_A_15_5
1F,A,15열,6,일반 좌석,6,26.173,31.373,0.22,View_1F_A_15_6
1F,A,15열,7,일반 좌석,7,25.66,31.47,0.22,View_1F_A_15_7
1F,A,15열,8,일반 좌석,8,25.147,31.567,0.22,View_1F_A_15_8
1F,A,15열,9,일반 좌석,9,24.633,31.663,0.22,View_1F_A_15_9
1F,A,15열,10,일반 좌석,10,24.12,31.76,0.22,View_1F_A_15_10
1F,A,16열,1,일반 좌석,1,28.71,31.77,0.33,View_1F_A_16_1
1F,A,16열,2,일반 좌석,2,28.204,31.869,0.33,View_1F_A_16_2
1F,A,16열,3,일반 좌석,3,27.699,31.968,0.33,View_1F_A_16_3
1F,A,16열,4,일반 좌석,4,27.193,32.067,0.33,View_1F_A_16_4
1F,A,16열,5,일반 좌석,5,26.688,32.166,0.33,View_1F_A_16_5
1F,A,16열,6,일반 좌석,6,26.182,32.264,0.33,View_1F_A_16_6
1F,A,16열,7,일반 좌석,7,25.677,32.363,0.33,View_1F_A_16_7
1F,A,16열,8,일반 좌석,8,25.171,32.462,0.33,View_1F_A_16_8
1F,A,16열,9,일반 좌석,9,24.666,32.561,0.33,View_1F_A_16_9
1F,A,16열,10,일반 좌석,10,24.16,32.66,0.33,View_1F_A_16_10
1F,A,17열,1,일반 좌석,1,28.7,32.69,0.47,View_1F_A_17_1
1F,A,17열,2,일반 좌석,2,28.196,32.776,0.47,View_1F_A_17_2
1F,A,17열,3,일반 좌석,3,27.691,32.861,0.47,View_1F_A_17_3
1F,A,17열,4,일반 좌석,4,27.187,32.947,0.47,View_1F_A_17_4
1F,A,17열,5,일반 좌석,5,26.682,33.032,0.47,View_1F_A_17_5
1F,A,17열,6,일반 좌석,6,26.178,33.118,0.47,View_1F_A_17_6
1F,A,17열,7,일반 좌석,7,25.673,33.203,0.47,View_1F_A_17_7
1F,A,17열,8,일반 좌석,8,25.169,33.289,0.47,View_1F_A_17_8
1F,A,17열,9,일반 좌석,9,24.664,33.374,0.47,View_1F_A_17_9
1F,A,17열,10,일반 좌석,10,24.16,33.46,0.47,View_1F_A_17_10
1F,A,18열,1,일반 좌석,1,28.74,33.63,0.71,View_1F_A_18_1
1F,A,18열,2,일반 좌석,2,28.231,33.707,0.71,View_1F_A_18_2
1F,A,18열,3,일반 좌석,3,27.722,33.783,0.71,View_1F_A_18_3
1F,A,18열,4,일반 좌석,4,27.213,33.86,0.71,View_1F_A_18_4
1F,A,18열,5,일반 좌석,5,26.704,33.937,0.71,View_1F_A_18_5
1F,A,18열,6,일반 좌석,6,26.196,34.013,0.71,View_1F_A_18_6
1F,A,18열,7,일반 좌석,7,25.687,34.09,0.71,View_1F_A_18_7
1F,A,18열,8,일반 좌석,8,25.178,34.167,0.71,View_1F_A_18_8
1F,A,18열,9,일반 좌석,9,24.669,34.243,0.71,View_1F_A_18_9
1F,A,18열,10,일반 좌석,10,24.16,34.32,0.71,View_1F_A_18_10
1F,A,19열,1,일반 좌석,1,28.72,34.55,0.97,View_1F_A_19_1
1F,A,19열,2,일반 좌석,2,28.208,34.629,0.97,View_1F_A_19_2
1F,A,19열,3,일반 좌석,3,27.696,34.708,0.97,View_1F_A_19_3
1F,A,19열,4,일반 좌석,4,27.183,34.787,0.97,View_1F_A_19_4
1F,A,19열,5,일반 좌석,5,26.671,34.866,0.97,View_1F_A_19_5
1F,A,19열,6,일반 좌석,6,26.159,34.944,0.97,View_1F_A_19_6
1F,A,19열,7,일반 좌석,7,25.647,35.023,0.97,View_1F_A_19_7
1F,A,19열,8,일반 좌석,8,25.134,35.102,0.97,View_1F_A_19_8
1F,A,19열,9,일반 좌석,9,24.622,35.181,0.97,View_1F_A_19_9
1F,A,19열,10,일반 좌석,10,24.11,35.26,0.97,View_1F_A_19_10
1F,A,20열,1,일반 좌석,1,29.08,35.8,1.39,View_1F_A_20_1
1F,A,20열,2,일반 좌석,2,28.53,35.86,1.39,View_1F_A_20_2
1F,A,20열,3,일반 좌석,3,27.98,35.92,1.39,View_1F_A_20_3
1F,A,20열,4,none,,0.0,0.0,0.0,View_1F_A_20_4
1F,A,20열,5,none,,0.0,0.0,0.0,View_1F_A_20_5
1F,A,20열,6,none,,0.0,0.0,0.0,View_1F_A_20_6
1F,A,20열,7,장애인석,♿,25.8,36.15,1.39,View_1F_A_20_7
1F,A,20열,8,장애인석,♿,25.25,36.21,1.39,View_1F_A_20_8
1F,A,20열,9,장애인석,♿,24.71,36.26,1.39,View_1F_A_20_9
1F,A,20열,10,장애인석,♿,24.16,36.32,1.39,View_1F_A_20_10
1F,B,1열,1,일반 좌석,1,22.5,19.3,-1.5,View_1F_B_1_1
1F,B,1열,2,일반 좌석,2,21.962,19.295,-1.5,View_1F_B_1_2
1F,B,1열,3,일반 좌석,3,21.423,19.291,-1.5,View_1F_B_1_3
1F,B,1열,4,일반 좌석,4,20.885,19.286,-1.5,View_1F_B_1_4
1F,B,1열,5,일반 좌석,5,20.346,19.282,-1.5,View_1F_B_1_5
1F,B,1열,6,일반 좌석,6,19.808,19.277,-1.5,View_1F_B_1_6
1F,B,1열,7,일반 좌석,7,19.269,19.272,-1.5,View_1F_B_1_7
1F,B,1열,8,일반 좌석,8,18.731,19.268,-1.5,View_1F_B_1_8
1F,B,1열,9,일반 좌석,9,18.192,19.263,-1.5,View_1F_B_1_9
1F,B,1열,10,일반 좌석,10,17.654,19.258,-1.5,View_1F_B_1_10
1F,B,1열,11,일반 좌석,11,17.115,19.254,-1.5,View_1F_B_1_11
1F,B,1열,12,일반 좌석,12,16.577,19.249,-1.5,View_1F_B_1_12
1F,B,1열,13,일반 좌석,13,16.038,19.245,-1.5,View_1F_B_1_13
1F,B,1열,14,일반 좌석,14,15.5,19.24,-1.5,View_1F_B_1_14
1F,B,2열,1,일반 좌석,1,22.5,20.158,-1.363,View_1F_B_2_1
1F,B,2열,2,일반 좌석,2,21.962,20.154,-1.363,View_1F_B_2_2
1F,B,2열,3,일반 좌석,3,21.423,20.149,-1.363,View_1F_B_2_3
1F,B,2열,4,일반 좌석,4,20.885,20.145,-1.363,View_1F_B_2_4
1F,B,2열,5,일반 좌석,5,20.346,20.14,-1.363,View_1F_B_2_5
1F,B,2열,6,일반 좌석,6,19.808,20.136,-1.363,View_1F_B_2_6
1F,B,2열,7,일반 좌석,7,19.269,20.132,-1.363,View_1F_B_2_7
1F,B,2열,8,일반 좌석,8,18.731,20.127,-1.363,View_1F_B_2_8
1F,B,2열,9,일반 좌석,9,18.192,20.123,-1.363,View_1F_B_2_9
1F,B,2열,10,일반 좌석,10,17.654,20.119,-1.363,View_1F_B_2_10
1F,B,2열,11,일반 좌석,11,17.115,20.114,-1.363,View_1F_B_2_11
1F,B,2열,12,일반 좌석,12,16.577,20.11,-1.363,View_1F_B_2_12
1F,B,2열,13,일반 좌석,13,16.038,20.105,-1.363,View_1F_B_2_13
1F,B,2열,14,일반 좌석,14,15.5,20.101,-1.363,View_1F_B_2_14
1F,B,3열,1,일반 좌석,1,22.5,21.016,-1.226,View_1F_B_3_1
1F,B,3열,2,일반 좌석,2,21.962,21.012,-1.226,View_1F_B_3_2
1F,B,3열,3,일반 좌석,3,21.423,21.008,-1.226,View_1F_B_3_3
1F,B,3열,4,일반 좌석,4,20.885,21.003,-1.226,View_1F_B_3_4
1F,B,3열,5,일반 좌석,5,20.346,20.999,-1.226,View_1F_B_3_5
1F,B,3열,6,일반 좌석,6,19.808,20.995,-1.226,View_1F_B_3_6
1F,B,3열,7,일반 좌석,7,19.269,20.991,-1.226,View_1F_B_3_7
1F,B,3열,8,일반 좌석,8,18.731,20.987,-1.226,View_1F_B_3_8
1F,B,3열,9,일반 좌석,9,18.192,20.983,-1.226,View_1F_B_3_9
1F,B,3열,10,일반 좌석,10,17.654,20.979,-1.226,View_1F_B_3_10
1F,B,3열,11,일반 좌석,11,17.115,20.974,-1.226,View_1F_B_3_11
1F,B,3열,12,일반 좌석,12,16.577,20.97,-1.226,View_1F_B_3_12
1F,B,3열,13,일반 좌석,13,16.038,20.966,-1.226,View_1F_B_3_13
1F,B,3열,14,일반 좌석,14,15.5,20.962,-1.226,View_1F_B_3_14
1F,B,4열,1,일반 좌석,1,22.5,21.874,-1.089,View_1F_B_4_1
1F,B,4열,2,일반 좌석,2,21.962,21.87,-1.089,View_1F_B_4_2
1F,B,4열,3,일반 좌석,3,21.423,21.866,-1.089,View_1F_B_4_3
1F,B,4열,4,일반 좌석,4,20.885,21.862,-1.089,View_1F_B_4_4
1F,B,4열,5,일반 좌석,5,20.346,21.858,-1.089,View_1F_B_4_5
1F,B,4열,6,일반 좌석,6,19.808,21.854,-1.089,View_1F_B_4_6
1F,B,4열,7,일반 좌석,7,19.269,21.85,-1.089,View_1F_B_4_7
1F,B,4열,8,일반 좌석,8,18.731,21.846,-1.089,View_1F_B_4_8
1F,B,4열,9,일반 좌석,9,18.192,21.843,-1.089,View_1F_B_4_9
1F,B,4열,10,일반 좌석,10,17.654,21.839,-1.089,View_1F_B_4_10
1F,B,4열,11,일반 좌석,11,17.115,21.835,-1.089,View_1F_B_4_11
1F,B,4열,12,일반 좌석,12,16.577,21.831,-1.089,View_1F_B_4_12
1F,B,4열,13,일반 좌석,13,16.038,21.827,-1.089,View_1F_B_4_13
1F,B,4열,14,일반 좌석,14,15.5,21.823,-1.089,View_1F_B_4_14
1F,B,5열,1,일반 좌석,1,22.5,22.732,-0.953,View_1F_B_5_1
1F,B,5열,2,일반 좌석,2,21.962,22.728,-0.953,View_1F_B_5_2
1F,B,5열,3,일반 좌석,3,21.423,22.724,-0.953,View_1F_B_5_3
1F,B,5열,4,일반 좌석,4,20.885,22.721,-0.953,View_1F_B_5_4
1F,B,5열,5,일반 좌석,5,20.346,22.717,-0.953,View_1F_B_5_5
1F,B,5열,6,일반 좌석,6,19.808,22.713,-0.953,View_1F_B_5_6
1F,B,5열,7,일반 좌석,7,19.269,22.71,-0.953,View_1F_B_5_7
1F,B,5열,8,일반 좌석,8,18.731,22.706,-0.953,View_1F_B_5_8
1F,B,5열,9,일반 좌석,9,18.192,22.702,-0.953,View_1F_B_5_9
1F,B,5열,10,일반 좌석,10,17.654,22.699,-0.953,View_1F_B_5_10
1F,B,5열,11,일반 좌석,11,17.115,22.695,-0.953,View_1F_B_5_11
1F,B,5열,12,일반 좌석,12,16.577,22.691,-0.953,View_1F_B_5_12
1F,B,5열,13,일반 좌석,13,16.038,22.688,-0.953,View_1F_B_5_13
1F,B,5열,14,일반 좌석,14,15.5,22.684,-0.953,View_1F_B_5_14
1F,B,6열,1,일반 좌석,1,22.5,23.589,-0.816,View_1F_B_6_1
1F,B,6열,2,일반 좌석,2,21.962,23.586,-0.816,View_1F_B_6_2
1F,B,6열,3,일반 좌석,3,21.423,23.583,-0.816,View_1F_B_6_3
1F,B,6열,4,일반 좌석,4,20.885,23.579,-0.816,View_1F_B_6_4
1F,B,6열,5,일반 좌석,5,20.346,23.576,-0.816,View_1F_B_6_5
1F,B,6열,6,일반 좌석,6,19.808,23.572,-0.816,View_1F_B_6_6
1F,B,6열,7,일반 좌석,7,19.269,23.569,-0.816,View_1F_B_6_7
1F,B,6열,8,일반 좌석,8,18.731,23.566,-0.816,View_1F_B_6_8
1F,B,6열,9,일반 좌석,9,18.192,23.562,-0.816,View_1F_B_6_9
1F,B,6열,10,일반 좌석,10,17.654,23.559,-0.816,View_1F_B_6_10
1F,B,6열,11,일반 좌석,11,17.115,23.555,-0.816,View_1F_B_6_11
1F,B,6열,12,일반 좌석,12,16.577,23.552,-0.816,View_1F_B_6_12
1F,B,6열,13,일반 좌석,13,16.038,23.549,-0.816,View_1F_B_6_13
1F,B,6열,14,일반 좌석,14,15.5,23.545,-0.816,View_1F_B_6_14
1F,B,7열,1,일반 좌석,1,22.5,24.447,-0.679,View_1F_B_7_1
1F,B,7열,2,일반 좌석,2,21.962,24.444,-0.679,View_1F_B_7_2
1F,B,7열,3,일반 좌석,3,21.423,24.441,-0.679,View_1F_B_7_3
1F,B,7열,4,일반 좌석,4,20.885,24.438,-0.679,View_1F_B_7_4
1F,B,7열,5,일반 좌석,5,20.346,24.435,-0.679,View_1F_B_7_5
1F,B,7열,6,일반 좌석,6,19.808,24.432,-0.679,View_1F_B_7_6
1F,B,7열,7,일반 좌석,7,19.269,24.428,-0.679,View_1F_B_7_7
1F,B,7열,8,일반 좌석,8,18.731,24.425,-0.679,View_1F_B_7_8
1F,B,7열,9,일반 좌석,9,18.192,24.422,-0.679,View_1F_B_7_9
1F,B,7열,10,일반 좌석,10,17.654,24.419,-0.679,View_1F_B_7_10
1F,B,7열,11,일반 좌석,11,17.115,24.416,-0.679,View_1F_B_7_11
1F,B,7열,12,일반 좌석,12,16.577,24.413,-0.679,View_1F_B_7_12
1F,B,7열,13,일반 좌석,13,16.038,24.409,-0.679,View_1F_B_7_13
1F,B,7열,14,일반 좌석,14,15.5,24.406,-0.679,View_1F_B_7_14
1F,B,8열,1,확장좌석27,1,22.4,25.56,-0.542,View_1F_B_8_1
1F,B,8열,2,확장좌석27,2,21.71,25.56,-0.542,View_1F_B_8_2
1F,B,8열,3,확장좌석27,3,21.03,25.55,-0.542,View_1F_B_8_3
1F,B,8열,4,확장좌석27,4,20.35,25.55,-0.542,View_1F_B_8_4
1F,B,8열,5,확장좌석27,5,19.66,25.54,-0.542,View_1F_B_8_5
1F,B,8열,6,확장좌석27,6,18.97,25.54,-0.542,View_1F_B_8_6
1F,B,8열,7,확장좌석27,7,18.29,25.54,-0.542,View_1F_B_8_7
1F,B,8열,8,확장좌석27,8,17.61,25.53,-0.542,View_1F_B_8_8
1F,B,8열,9,확장좌석27,9,16.92,25.53,-0.542,View_1F_B_8_9
1F,B,8열,10,확장좌석27,10,16.24,25.52,-0.542,View_1F_B_8_10
1F,B,8열,11,확장좌석27,11,15.55,25.52,-0.542,View_1F_B_8_11
1F,B,8열,12,none,,0.0,0.0,0.0,View_1F_B_8_12
1F,B,8열,13,none,,0.0,0.0,0.0,View_1F_B_8_13
1F,B,8열,14,none,,0.0,0.0,0.0,View_1F_B_8_14
1F,B,9열,1,확장좌석27,1,22.4,26.49,-0.405,View_1F_B_9_1
1F,B,9열,2,확장좌석27,2,21.72,26.49,-0.405,View_1F_B_9_2
1F,B,9열,3,확장좌석27,3,21.03,26.5,-0.405,View_1F_B_9_3
1F,B,9열,4,확장좌석27,4,20.35,26.5,-0.405,View_1F_B_9_4
1F,B,9열,5,확장좌석27,5,19.66,26.5,-0.405,View_1F_B_9_5
1F,B,9열,6,확장좌석27,6,18.98,26.51,-0.405,View_1F_B_9_6
1F,B,9열,7,확장좌석27,7,18.29,26.51,-0.405,View_1F_B_9_7
1F,B,9열,8,확장좌석27,8,17.61,26.51,-0.405,View_1F_B_9_8
1F,B,9열,9,확장좌석27,9,16.92,26.52,-0.405,View_1F_B_9_9
1F,B,9열,10,확장좌석27,10,16.24,26.52,-0.405,View_1F_B_9_10
1F,B,9열,11,확장좌석27,11,15.55,26.52,-0.405,View_1F_B_9_11
1F,B,9열,12,none,,0.0,0.0,0.0,View_1F_B_9_12
1F,B,9열,13,none,,0.0,0.0,0.0,View_1F_B_9_13
1F,B,9열,14,none,,0.0,0.0,0.0,View_1F_B_9_14
1F,B,10열,1,일반 좌석,1,22.5,27.021,-0.268,View_1F_B_10_1
1F,B,10열,2,일반 좌석,2,21.962,27.019,-0.268,View_1F_B_10_2
1F,B,10열,3,일반 좌석,3,21.423,27.016,-0.268,View_1F_B_10_3
1F,B,10열,4,일반 좌석,4,20.885,27.014,-0.268,View_1F_B_10_4
1F,B,10열,5,일반 좌석,5,20.346,27.011,-0.268,View_1F_B_10_5
1F,B,10열,6,일반 좌석,6,19.808,27.009,-0.268,View_1F_B_10_6
1F,B,10열,7,일반 좌석,7,19.269,27.006,-0.268,View_1F_B_10_7
1F,B,10열,8,일반 좌석,8,18.731,27.004,-0.268,View_1F_B_10_8
1F,B,10열,9,일반 좌석,9,18.192,27.002,-0.268,View_1F_B_10_9
1F,B,10열,10,일반 좌석,10,17.654,26.999,-0.268,View_1F_B_10_10
1F,B,10열,11,일반 좌석,11,17.115,26.997,-0.268,View_1F_B_10_11
1F,B,10열,12,일반 좌석,12,16.577,26.994,-0.268,View_1F_B_10_12
1F,B,10열,13,일반 좌석,13,16.038,26.992,-0.268,View_1F_B_10_13
1F,B,10열,14,일반 좌석,14,15.5,26.989,-0.268,View_1F_B_10_14
1F,B,11열,1,일반 좌석,1,22.5,27.879,-0.132,View_1F_B_11_1
1F,B,11열,2,일반 좌석,2,21.962,27.877,-0.132,View_1F_B_11_2
1F,B,11열,3,일반 좌석,3,21.423,27.875,-0.132,View_1F_B_11_3
1F,B,11열,4,일반 좌석,4,20.885,27.872,-0.132,View_1F_B_11_4
1F,B,11열,5,일반 좌석,5,20.346,27.87,-0.132,View_1F_B_11_5
1F,B,11열,6,일반 좌석,6,19.808,27.868,-0.132,View_1F_B_11_6
1F,B,11열,7,일반 좌석,7,19.269,27.866,-0.132,View_1F_B_11_7
1F,B,11열,8,일반 좌석,8,18.731,27.864,-0.132,View_1F_B_11_8
1F,B,11열,9,일반 좌석,9,18.192,27.861,-0.132,View_1F_B_11_9
1F,B,11열,10,일반 좌석,10,17.654,27.859,-0.132,View_1F_B_11_10
1F,B,11열,11,일반 좌석,11,17.115,27.857,-0.132,View_1F_B_11_11
1F,B,11열,12,일반 좌석,12,16.577,27.855,-0.132,View_1F_B_11_12
1F,B,11열,13,일반 좌석,13,16.038,27.853,-0.132,View_1F_B_11_13
1F,B,11열,14,일반 좌석,14,15.5,27.851,-0.132,View_1F_B_11_14
1F,B,12열,1,일반 좌석,1,22.5,28.737,0.005,View_1F_B_12_1
1F,B,12열,2,일반 좌석,2,21.962,28.735,0.005,View_1F_B_12_2
1F,B,12열,3,일반 좌석,3,21.423,28.733,0.005,View_1F_B_12_3
1F,B,12열,4,일반 좌석,4,20.885,28.731,0.005,View_1F_B_12_4
1F,B,12열,5,일반 좌석,5,20.346,28.729,0.005,View_1F_B_12_5
1F,B,12열,6,일반 좌석,6,19.808,28.727,0.005,View_1F_B_12_6
1F,B,12열,7,일반 좌석,7,19.269,28.725,0.005,View_1F_B_12_7
1F,B,12열,8,일반 좌석,8,18.731,28.723,0.005,View_1F_B_12_8
1F,B,12열,9,일반 좌석,9,18.192,28.721,0.005,View_1F_B_12_9
1F,B,12열,10,일반 좌석,10,17.654,28.719,0.005,View_1F_B_12_10
1F,B,12열,11,일반 좌석,11,17.115,28.717,0.005,View_1F_B_12_11
1F,B,12열,12,일반 좌석,12,16.577,28.715,0.005,View_1F_B_12_12
1F,B,12열,13,일반 좌석,13,16.038,28.714,0.005,View_1F_B_12_13
1F,B,12열,14,일반 좌석,14,15.5,28.712,0.005,View_1F_B_12_14
1F,B,13열,1,일반 좌석,1,22.5,29.595,0.142,View_1F_B_13_1
1F,B,13열,2,일반 좌석,2,21.962,29.593,0.142,View_1F_B_13_2
1F,B,13열,3,일반 좌석,3,21.423,29.591,0.142,View_1F_B_13_3
1F,B,13열,4,일반 좌석,4,20.885,29.59,0.142,View_1F_B_13_4
1F,B,13열,5,일반 좌석,5,20.346,29.588,0.142,View_1F_B_13_5
1F,B,13열,6,일반 좌석,6,19.808,29.586,0.142,View_1F_B_13_6
1F,B,13열,7,일반 좌석,7,19.269,29.585,0.142,View_1F_B_13_7
1F,B,13열,8,일반 좌석,8,18.731,29.583,0.142,View_1F_B_13_8
1F,B,13열,9,일반 좌석,9,18.192,29.581,0.142,View_1F_B_13_9
1F,B,13열,10,일반 좌석,10,17.654,29.579,0.142,View_1F_B_13_10
1F,B,13열,11,일반 좌석,11,17.115,29.578,0.142,View_1F_B_13_11
1F,B,13열,12,일반 좌석,12,16.577,29.576,0.142,View_1F_B_13_12
1F,B,13열,13,일반 좌석,13,16.038,29.574,0.142,View_1F_B_13_13
1F,B,13열,14,일반 좌석,14,15.5,29.573,0.142,View_1F_B_13_14
1F,B,14열,1,일반 좌석,1,22.5,30.453,0.279,View_1F_B_14_1
1F,B,14열,2,일반 좌석,2,21.962,30.451,0.279,View_1F_B_14_2
1F,B,14열,3,일반 좌석,3,21.423,30.45,0.279,View_1F_B_14_3
1F,B,14열,4,일반 좌석,4,20.885,30.448,0.279,View_1F_B_14_4
1F,B,14열,5,일반 좌석,5,20.346,30.447,0.279,View_1F_B_14_5
1F,B,14열,6,일반 좌석,6,19.808,30.445,0.279,View_1F_B_14_6
1F,B,14열,7,일반 좌석,7,19.269,30.444,0.279,View_1F_B_14_7
1F,B,14열,8,일반 좌석,8,18.731,30.442,0.279,View_1F_B_14_8
1F,B,14열,9,일반 좌석,9,18.192,30.441,0.279,View_1F_B_14_9
1F,B,14열,10,일반 좌석,10,17.654,30.44,0.279,View_1F_B_14_10
1F,B,14열,11,일반 좌석,11,17.115,30.438,0.279,View_1F_B_14_11
1F,B,14열,12,일반 좌석,12,16.577,30.437,0.279,View_1F_B_14_12
1F,B,14열,13,일반 좌석,13,16.038,30.435,0.279,View_1F_B_14_13
1F,B,14열,14,일반 좌석,14,15.5,30.434,0.279,View_1F_B_14_14
1F,B,15열,1,일반 좌석,1,22.5,31.311,0.416,View_1F_B_15_1
1F,B,15열,2,일반 좌석,2,21.962,31.309,0.416,View_1F_B_15_2
1F,B,15열,3,일반 좌석,3,21.423,31.308,0.416,View_1F_B_15_3
1F,B,15열,4,일반 좌석,4,20.885,31.307,0.416,View_1F_B_15_4
1F,B,15열,5,일반 좌석,5,20.346,31.306,0.416,View_1F_B_15_5
1F,B,15열,6,일반 좌석,6,19.808,31.304,0.416,View_1F_B_15_6
1F,B,15열,7,일반 좌석,7,19.269,31.303,0.416,View_1F_B_15_7
1F,B,15열,8,일반 좌석,8,18.731,31.302,0.416,View_1F_B_15_8
1F,B,15열,9,일반 좌석,9,18.192,31.301,0.416,View_1F_B_15_9
1F,B,15열,10,일반 좌석,10,17.654,31.3,0.416,View_1F_B_15_10
1F,B,15열,11,일반 좌석,11,17.115,31.298,0.416,View_1F_B_15_11
1F,B,15열,12,일반 좌석,12,16.577,31.297,0.416,View_1F_B_15_12
1F,B,15열,13,일반 좌석,13,16.038,31.296,0.416,View_1F_B_15_13
1F,B,15열,14,일반 좌석,14,15.5,31.295,0.416,View_1F_B_15_14
1F,B,16열,1,일반 좌석,1,22.5,32.168,0.553,View_1F_B_16_1
1F,B,16열,2,일반 좌석,2,21.962,32.167,0.553,View_1F_B_16_2
1F,B,16열,3,일반 좌석,3,21.423,32.166,0.553,View_1F_B_16_3
1F,B,16열,4,일반 좌석,4,20.885,32.166,0.553,View_1F_B_16_4
1F,B,16열,5,일반 좌석,5,20.346,32.165,0.553,View_1F_B_16_5
1F,B,16열,6,일반 좌석,6,19.808,32.164,0.553,View_1F_B_16_6
1F,B,16열,7,일반 좌석,7,19.269,32.163,0.553,View_1F_B_16_7
1F,B,16열,8,일반 좌석,8,18.731,32.162,0.553,View_1F_B_16_8
1F,B,16열,9,일반 좌석,9,18.192,32.161,0.553,View_1F_B_16_9
1F,B,16열,10,일반 좌석,10,17.654,32.16,0.553,View_1F_B_16_10
1F,B,16열,11,일반 좌석,11,17.115,32.159,0.553,View_1F_B_16_11
1F,B,16열,12,일반 좌석,12,16.577,32.158,0.553,View_1F_B_16_12
1F,B,16열,13,일반 좌석,13,16.038,32.157,0.553,View_1F_B_16_13
1F,B,16열,14,일반 좌석,14,15.5,32.156,0.553,View_1F_B_16_14
1F,B,17열,1,일반 좌석,1,22.5,33.026,0.689,View_1F_B_17_1
1F,B,17열,2,일반 좌석,2,21.962,33.026,0.689,View_1F_B_17_2
1F,B,17열,3,일반 좌석,3,21.423,33.025,0.689,View_1F_B_17_3
1F,B,17열,4,일반 좌석,4,20.885,33.024,0.689,View_1F_B_17_4
1F,B,17열,5,일반 좌석,5,20.346,33.023,0.689,View_1F_B_17_5
1F,B,17열,6,일반 좌석,6,19.808,33.023,0.689,View_1F_B_17_6
1F,B,17열,7,일반 좌석,7,19.269,33.022,0.689,View_1F_B_17_7
1F,B,17열,8,일반 좌석,8,18.731,33.021,0.689,View_1F_B_17_8
1F,B,17열,9,일반 좌석,9,18.192,33.02,0.689,View_1F_B_17_9
1F,B,17열,10,일반 좌석,10,17.654,33.02,0.689,View_1F_B_17_10
1F,B,17열,11,일반 좌석,11,17.115,33.019,0.689,View_1F_B_17_11
1F,B,17열,12,일반 좌석,12,16.577,33.018,0.689,View_1F_B_17_12
1F,B,17열,13,일반 좌석,13,16.038,33.018,0.689,View_1F_B_17_13
1F,B,17열,14,일반 좌석,14,15.5,33.017,0.689,View_1F_B_17_14
1F,B,18열,1,일반 좌석,1,22.5,33.884,0.826,View_1F_B_18_1
1F,B,18열,2,일반 좌석,2,21.962,33.884,0.826,View_1F_B_18_2
1F,B,18열,3,일반 좌석,3,21.423,33.883,0.826,View_1F_B_18_3
1F,B,18열,4,일반 좌석,4,20.885,33.883,0.826,View_1F_B_18_4
1F,B,18열,5,일반 좌석,5,20.346,33.882,0.826,View_1F_B_18_5
1F,B,18열,6,일반 좌석,6,19.808,33.882,0.826,View_1F_B_18_6
1F,B,18열,7,일반 좌석,7,19.269,33.881,0.826,View_1F_B_18_7
1F,B,18열,8,일반 좌석,8,18.731,33.881,0.826,View_1F_B_18_8
1F,B,18열,9,일반 좌석,9,18.192,33.88,0.826,View_1F_B_18_9
1F,B,18열,10,일반 좌석,10,17.654,33.88,0.826,View_1F_B_18_10
1F,B,18열,11,일반 좌석,11,17.115,33.879,0.826,View_1F_B_18_11
1F,B,18열,12,일반 좌석,12,16.577,33.879,0.826,View_1F_B_18_12
1F,B,18열,13,일반 좌석,13,16.038,33.878,0.826,View_1F_B_18_13
1F,B,18열,14,일반 좌석,14,15.5,33.878,0.826,View_1F_B_18_14
1F,B,19열,1,일반 좌석,1,22.5,34.742,0.963,View_1F_B_19_1
1F,B,19열,2,일반 좌석,2,21.962,34.742,0.963,View_1F_B_19_2
1F,B,19열,3,일반 좌석,3,21.423,34.742,0.963,View_1F_B_19_3
1F,B,19열,4,일반 좌석,4,20.885,34.741,0.963,View_1F_B_19_4
1F,B,19열,5,일반 좌석,5,20.346,34.741,0.963,View_1F_B_19_5
1F,B,19열,6,일반 좌석,6,19.808,34.741,0.963,View_1F_B_19_6
1F,B,19열,7,일반 좌석,7,19.269,34.741,0.963,View_1F_B_19_7
1F,B,19열,8,일반 좌석,8,18.731,34.74,0.963,View_1F_B_19_8
1F,B,19열,9,일반 좌석,9,18.192,34.74,0.963,View_1F_B_19_9
1F,B,19열,10,일반 좌석,10,17.654,34.74,0.963,View_1F_B_19_10
1F,B,19열,11,일반 좌석,11,17.115,34.74,0.963,View_1F_B_19_11
1F,B,19열,12,일반 좌석,12,16.577,34.739,0.963,View_1F_B_19_12
1F,B,19열,13,일반 좌석,13,16.038,34.739,0.963,View_1F_B_19_13
1F,B,19열,14,일반 좌석,14,15.5,34.739,0.963,View_1F_B_19_14
1F,B,20열,1,장애인석,♿,22.5,35.6,1.1,View_1F_B_20_1
1F,B,20열,2,장애인석,♿,21.962,35.6,1.1,View_1F_B_20_2
1F,B,20열,3,none,,0.0,0.0,0.0,View_1F_B_20_3
1F,B,20열,4,none,,0.0,0.0,0.0,View_1F_B_20_4
1F,B,20열,5,none,,0.0,0.0,0.0,View_1F_B_20_5
1F,B,20열,6,none,,0.0,0.0,0.0,View_1F_B_20_6
1F,B,20열,7,none,,0.0,0.0,0.0,View_1F_B_20_7
1F,B,20열,8,none,,0.0,0.0,0.0,View_1F_B_20_8
1F,B,20열,9,none,,0.0,0.0,0.0,View_1F_B_20_9
1F,B,20열,10,none,,0.0,0.0,0.0,View_1F_B_20_10
1F,B,20열,11,none,,0.0,0.0,0.0,View_1F_B_20_11
1F,B,20열,12,none,,0.0,0.0,0.0,View_1F_B_20_12
1F,B,20열,13,장애인석,♿,16.038,35.6,1.1,View_1F_B_20_13
1F,B,20열,14,장애인석,♿,15.5,35.6,1.1,View_1F_B_20_14
1F,C,1열,1,일반 좌석,1,13.9,19.15,-1.45,View_1F_C_1_1
1F,C,1열,2,일반 좌석,2,13.38,19.02,-1.45,View_1F_C_1_2
1F,C,1열,3,일반 좌석,3,12.85,18.9,-1.45,View_1F_C_1_3
1F,C,1열,4,일반 좌석,4,12.33,18.77,-1.45,View_1F_C_1_4
1F,C,1열,5,일반 좌석,5,11.81,18.65,-1.45,View_1F_C_1_5
1F,C,1열,6,일반 좌석,6,11.28,18.52,-1.45,View_1F_C_1_6
1F,C,1열,7,일반 좌석,7,10.76,18.4,-1.45,View_1F_C_1_7
1F,C,1열,8,일반 좌석,8,10.23,18.27,-1.45,View_1F_C_1_8
1F,C,1열,9,일반 좌석,9,9.71,18.14,-1.45,View_1F_C_1_9
1F,C,1열,10,none,,0.0,0.0,0.0,View_1F_C_1_10
1F,C,2열,1,일반 좌석,1,13.9,20.1,-1.5,View_1F_C_2_1
1F,C,2열,2,일반 좌석,2,13.378,19.967,-1.5,View_1F_C_2_2
1F,C,2열,3,일반 좌석,3,12.856,19.833,-1.5,View_1F_C_2_3
1F,C,2열,4,일반 좌석,4,12.333,19.7,-1.5,View_1F_C_2_4
1F,C,2열,5,일반 좌석,5,11.811,19.567,-1.5,View_1F_C_2_5
1F,C,2열,6,일반 좌석,6,11.289,19.433,-1.5,View_1F_C_2_6
1F,C,2열,7,일반 좌석,7,10.767,19.3,-1.5,View_1F_C_2_7
1F,C,2열,8,일반 좌석,8,10.244,19.167,-1.5,View_1F_C_2_8
1F,C,2열,9,일반 좌석,9,9.722,19.033,-1.5,View_1F_C_2_9
1F,C,2열,10,일반 좌석,10,9.2,18.9,-1.5,View_1F_C_2_10
1F,C,3열,1,일반 좌석,1,13.9,21.006,-1.35,View_1F_C_3_1
1F,C,3열,2,일반 좌석,2,13.377,20.874,-1.35,View_1F_C_3_2
1F,C,3열,3,일반 좌석,3,12.854,20.743,-1.35,View_1F_C_3_3
1F,C,3열,4,일반 좌석,4,12.33,20.611,-1.35,View_1F_C_3_4
1F,C,3열,5,일반 좌석,5,11.807,20.479,-1.35,View_1F_C_3_5
1F,C,3열,6,일반 좌석,6,11.284,20.348,-1.35,View_1F_C_3_6
1F,C,3열,7,일반 좌석,7,10.761,20.216,-1.35,View_1F_C_3_7
1F,C,3열,8,일반 좌석,8,10.238,20.084,-1.35,View_1F_C_3_8
1F,C,3열,9,일반 좌석,9,9.714,19.953,-1.35,View_1F_C_3_9
1F,C,3열,10,일반 좌석,10,9.191,19.821,-1.35,View_1F_C_3_10
1F,C,4열,1,일반 좌석,1,13.9,21.912,-1.2,View_1F_C_4_1
1F,C,4열,2,일반 좌석,2,13.376,21.782,-1.2,View_1F_C_4_2
1F,C,4열,3,일반 좌석,3,12.852,21.652,-1.2,View_1F_C_4_3
1F,C,4열,4,일반 좌석,4,12.327,21.522,-1.2,View_1F_C_4_4
1F,C,4열,5,일반 좌석,5,11.803,21.392,-1.2,View_1F_C_4_5
1F,C,4열,6,일반 좌석,6,11.279,21.262,-1.2,View_1F_C_4_6
1F,C,4열,7,일반 좌석,7,10.755,21.132,-1.2,View_1F_C_4_7
1F,C,4열,8,일반 좌석,8,10.231,21.002,-1.2,View_1F_C_4_8
1F,C,4열,9,일반 좌석,9,9.707,20.872,-1.2,View_1F_C_4_9
1F,C,4열,10,일반 좌석,10,9.182,20.742,-1.2,View_1F_C_4_10
1F,C,5열,1,일반 좌석,1,13.9,22.818,-1.05,View_1F_C_5_1
1F,C,5열,2,일반 좌석,2,13.375,22.689,-1.05,View_1F_C_5_2
1F,C,5열,3,일반 좌석,3,12.85,22.561,-1.05,View_1F_C_5_3
1F,C,5열,4,일반 좌석,4,12.325,22.433,-1.05,View_1F_C_5_4
1F,C,5열,5,일반 좌석,5,11.799,22.305,-1.05,View_1F_C_5_5
1F,C,5열,6,일반 좌석,6,11.274,22.176,-1.05,View_1F_C_5_6
1F,C,5열,7,일반 좌석,7,10.749,22.048,-1.05,View_1F_C_5_7
1F,C,5열,8,일반 좌석,8,10.224,21.92,-1.05,View_1F_C_5_8
1F,C,5열,9,일반 좌석,9,9.699,21.792,-1.05,View_1F_C_5_9
1F,C,5열,10,일반 좌석,10,9.174,21.664,-1.05,View_1F_C_5_10
1F,C,6열,1,일반 좌석,1,13.9,23.724,-0.9,View_1F_C_6_1
1F,C,6열,2,일반 좌석,2,13.374,23.597,-0.9,View_1F_C_6_2
1F,C,6열,3,일반 좌석,3,12.848,23.47,-0.9,View_1F_C_6_3
1F,C,6열,4,일반 좌석,4,12.322,23.344,-0.9,View_1F_C_6_4
1F,C,6열,5,일반 좌석,5,11.795,23.217,-0.9,View_1F_C_6_5
1F,C,6열,6,일반 좌석,6,11.269,23.091,-0.9,View_1F_C_6_6
1F,C,6열,7,일반 좌석,7,10.743,22.964,-0.9,View_1F_C_6_7
1F,C,6열,8,일반 좌석,8,10.217,22.838,-0.9,View_1F_C_6_8
1F,C,6열,9,일반 좌석,9,9.691,22.711,-0.9,View_1F_C_6_9
1F,C,6열,10,일반 좌석,10,9.165,22.585,-0.9,View_1F_C_6_10
1F,C,7열,1,일반 좌석,1,13.9,24.629,-0.75,View_1F_C_7_1
1F,C,7열,2,일반 좌석,2,13.373,24.505,-0.75,View_1F_C_7_2
1F,C,7열,3,일반 좌석,3,12.846,24.38,-0.75,View_1F_C_7_3
1F,C,7열,4,일반 좌석,4,12.319,24.255,-0.75,View_1F_C_7_4
1F,C,7열,5,일반 좌석,5,11.792,24.13,-0.75,View_1F_C_7_5
1F,C,7열,6,일반 좌석,6,11.264,24.005,-0.75,View_1F_C_7_6
1F,C,7열,7,일반 좌석,7,10.737,23.88,-0.75,View_1F_C_7_7
1F,C,7열,8,일반 좌석,8,10.21,23.756,-0.75,View_1F_C_7_8
1F,C,7열,9,일반 좌석,9,9.683,23.631,-0.75,View_1F_C_7_9
1F,C,7열,10,일반 좌석,10,9.156,23.506,-0.75,View_1F_C_7_10
1F,C,8열,1,일반 좌석,1,13.9,25.535,-0.6,View_1F_C_8_1
1F,C,8열,2,일반 좌석,2,13.372,25.412,-0.6,View_1F_C_8_2
1F,C,8열,3,일반 좌석,3,12.844,25.289,-0.6,View_1F_C_8_3
1F,C,8열,4,일반 좌석,4,12.316,25.166,-0.6,View_1F_C_8_4
1F,C,8열,5,일반 좌석,5,11.788,25.043,-0.6,View_1F_C_8_5
1F,C,8열,6,일반 좌석,6,11.259,24.92,-0.6,View_1F_C_8_6
1F,C,8열,7,일반 좌석,7,10.731,24.796,-0.6,View_1F_C_8_7
1F,C,8열,8,일반 좌석,8,10.203,24.673,-0.6,View_1F_C_8_8
1F,C,8열,9,일반 좌석,9,9.675,24.55,-0.6,View_1F_C_8_9
1F,C,8열,10,일반 좌석,10,9.147,24.427,-0.6,View_1F_C_8_10
1F,C,9열,1,일반 좌석,1,13.9,26.441,-0.45,View_1F_C_9_1
1F,C,9열,2,일반 좌석,2,13.371,26.32,-0.45,View_1F_C_9_2
1F,C,9열,3,일반 좌석,3,12.842,26.198,-0.45,View_1F_C_9_3
1F,C,9열,4,일반 좌석,4,12.313,26.077,-0.45,View_1F_C_9_4
1F,C,9열,5,일반 좌석,5,11.784,25.955,-0.45,View_1F_C_9_5
1F,C,9열,6,일반 좌석,6,11.255,25.834,-0.45,View_1F_C_9_6
1F,C,9열,7,일반 좌석,7,10.725,25.713,-0.45,View_1F_C_9_7
1F,C,9열,8,일반 좌석,8,10.196,25.591,-0.45,View_1F_C_9_8
1F,C,9열,9,일반 좌석,9,9.667,25.47,-0.45,View_1F_C_9_9
1F,C,9열,10,일반 좌석,10,9.138,25.348,-0.45,View_1F_C_9_10
1F,C,10열,1,일반 좌석,1,13.9,27.347,-0.3,View_1F_C_10_1
1F,C,10열,2,일반 좌석,2,13.37,27.227,-0.3,View_1F_C_10_2
1F,C,10열,3,일반 좌석,3,12.84,27.108,-0.3,View_1F_C_10_3
1F,C,10열,4,일반 좌석,4,12.31,26.988,-0.3,View_1F_C_10_4
1F,C,10열,5,일반 좌석,5,11.78,26.868,-0.3,View_1F_C_10_5
1F,C,10열,6,일반 좌석,6,11.25,26.748,-0.3,View_1F_C_10_6
1F,C,10열,7,일반 좌석,7,10.72,26.629,-0.3,View_1F_C_10_7
1F,C,10열,8,일반 좌석,8,10.19,26.509,-0.3,View_1F_C_10_8
1F,C,10열,9,일반 좌석,9,9.659,26.389,-0.3,View_1F_C_10_9
1F,C,10열,10,일반 좌석,10,9.129,26.269,-0.3,View_1F_C_10_10
1F,C,11열,1,일반 좌석,1,13.9,28.253,-0.15,View_1F_C_11_1
1F,C,11열,2,일반 좌석,2,13.369,28.135,-0.15,View_1F_C_11_2
1F,C,11열,3,일반 좌석,3,12.838,28.017,-0.15,View_1F_C_11_3
1F,C,11열,4,일반 좌석,4,12.307,27.899,-0.15,View_1F_C_11_4
1F,C,11열,5,일반 좌석,5,11.776,27.781,-0.15,View_1F_C_11_5
1F,C,11열,6,일반 좌석,6,11.245,27.663,-0.15,View_1F_C_11_6
1F,C,11열,7,일반 좌석,7,10.714,27.545,-0.15,View_1F_C_11_7
1F,C,11열,8,일반 좌석,8,10.183,27.427,-0.15,View_1F_C_11_8
1F,C,11열,9,일반 좌석,9,9.652,27.309,-0.15,View_1F_C_11_9
1F,C,11열,10,일반 좌석,10,9.121,27.191,-0.15,View_1F_C_11_10
1F,C,12열,1,일반 좌석,1,13.9,29.159,0.0,View_1F_C_12_1
1F,C,12열,2,일반 좌석,2,13.368,29.042,0.0,View_1F_C_12_2
1F,C,12열,3,일반 좌석,3,12.836,28.926,0.0,View_1F_C_12_3
1F,C,12열,4,일반 좌석,4,12.304,28.81,0.0,View_1F_C_12_4
1F,C,12열,5,일반 좌석,5,11.772,28.693,0.0,View_1F_C_12_5
1F,C,12열,6,일반 좌석,6,11.24,28.577,0.0,View_1F_C_12_6
1F,C,12열,7,일반 좌석,7,10.708,28.461,0.0,View_1F_C_12_7
1F,C,12열,8,일반 좌석,8,10.176,28.344,0.0,View_1F_C_12_8
1F,C,12열,9,일반 좌석,9,9.644,28.228,0.0,View_1F_C_12_9
1F,C,12열,10,일반 좌석,10,9.112,28.112,0.0,View_1F_C_12_10
1F,C,13열,1,일반 좌석,1,13.9,30.065,0.15,View_1F_C_13_1
1F,C,13열,2,일반 좌석,2,13.367,29.95,0.15,View_1F_C_13_2
1F,C,13열,3,일반 좌석,3,12.834,29.835,0.15,View_1F_C_13_3
1F,C,13열,4,일반 좌석,4,12.301,29.721,0.15,View_1F_C_13_4
1F,C,13열,5,일반 좌석,5,11.768,29.606,0.15,View_1F_C_13_5
1F,C,13열,6,일반 좌석,6,11.235,29.492,0.15,View_1F_C_13_6
1F,C,13열,7,일반 좌석,7,10.702,29.377,0.15,View_1F_C_13_7
1F,C,13열,8,일반 좌석,8,10.169,29.262,0.15,View_1F_C_13_8
1F,C,13열,9,일반 좌석,9,9.636,29.148,0.15,View_1F_C_13_9
1F,C,13열,10,일반 좌석,10,9.103,29.033,0.15,View_1F_C_13_10
1F,C,14열,1,일반 좌석,1,13.9,30.971,0.3,View_1F_C_14_1
1F,C,14열,2,일반 좌석,2,13.366,30.858,0.3,View_1F_C_14_2
1F,C,14열,3,일반 좌석,3,12.832,30.745,0.3,View_1F_C_14_3
1F,C,14열,4,일반 좌석,4,12.298,30.632,0.3,View_1F_C_14_4
1F,C,14열,5,일반 좌석,5,11.764,30.519,0.3,View_1F_C_14_5
1F,C,14열,6,일반 좌석,6,11.23,30.406,0.3,View_1F_C_14_6
1F,C,14열,7,일반 좌석,7,10.696,30.293,0.3,View_1F_C_14_7
1F,C,14열,8,일반 좌석,8,10.162,30.18,0.3,View_1F_C_14_8
1F,C,14열,9,일반 좌석,9,9.628,30.067,0.3,View_1F_C_14_9
1F,C,14열,10,일반 좌석,10,9.094,29.954,0.3,View_1F_C_14_10
1F,C,15열,1,일반 좌석,1,13.9,31.876,0.45,View_1F_C_15_1
1F,C,15열,2,일반 좌석,2,13.365,31.765,0.45,View_1F_C_15_2
1F,C,15열,3,일반 좌석,3,12.83,31.654,0.45,View_1F_C_15_3
1F,C,15열,4,일반 좌석,4,12.295,31.543,0.45,View_1F_C_15_4
1F,C,15열,5,일반 좌석,5,11.76,31.432,0.45,View_1F_C_15_5
1F,C,15열,6,일반 좌석,6,11.225,31.32,0.45,View_1F_C_15_6
1F,C,15열,7,일반 좌석,7,10.69,31.209,0.45,View_1F_C_15_7
1F,C,15열,8,일반 좌석,8,10.155,31.098,0.45,View_1F_C_15_8
1F,C,15열,9,일반 좌석,9,9.62,30.987,0.45,View_1F_C_15_9
1F,C,15열,10,일반 좌석,10,9.085,30.875,0.45,View_1F_C_15_10
1F,C,16열,1,일반 좌석,1,13.9,32.782,0.6,View_1F_C_16_1
1F,C,16열,2,일반 좌석,2,13.364,32.673,0.6,View_1F_C_16_2
1F,C,16열,3,일반 좌석,3,12.828,32.563,0.6,View_1F_C_16_3
1F,C,16열,4,일반 좌석,4,12.292,32.454,0.6,View_1F_C_16_4
1F,C,16열,5,일반 좌석,5,11.756,32.344,0.6,View_1F_C_16_5
1F,C,16열,6,일반 좌석,6,11.22,32.235,0.6,View_1F_C_16_6
1F,C,16열,7,일반 좌석,7,10.684,32.125,0.6,View_1F_C_16_7
1F,C,16열,8,일반 좌석,8,10.148,32.016,0.6,View_1F_C_16_8
1F,C,16열,9,일반 좌석,9,9.612,31.906,0.6,View_1F_C_16_9
1F,C,16열,10,일반 좌석,10,9.076,31.796,0.6,View_1F_C_16_10
1F,C,17열,1,일반 좌석,1,13.9,33.688,0.75,View_1F_C_17_1
1F,C,17열,2,일반 좌석,2,13.363,33.58,0.75,View_1F_C_17_2
1F,C,17열,3,일반 좌석,3,12.826,33.473,0.75,View_1F_C_17_3
1F,C,17열,4,일반 좌석,4,12.289,33.365,0.75,View_1F_C_17_4
1F,C,17열,5,일반 좌석,5,11.752,33.257,0.75,View_1F_C_17_5
1F,C,17열,6,일반 좌석,6,11.215,33.149,0.75,View_1F_C_17_6
1F,C,17열,7,일반 좌석,7,10.678,33.041,0.75,View_1F_C_17_7
1F,C,17열,8,일반 좌석,8,10.142,32.933,0.75,View_1F_C_17_8
1F,C,17열,9,일반 좌석,9,9.605,32.825,0.75,View_1F_C_17_9
1F,C,17열,10,일반 좌석,10,9.068,32.718,0.75,View_1F_C_17_10
1F,C,18열,1,일반 좌석,1,13.9,34.594,0.9,View_1F_C_18_1
1F,C,18열,2,일반 좌석,2,13.362,34.488,0.9,View_1F_C_18_2
1F,C,18열,3,일반 좌석,3,12.824,34.382,0.9,View_1F_C_18_3
1F,C,18열,4,일반 좌석,4,12.286,34.276,0.9,View_1F_C_18_4
1F,C,18열,5,일반 좌석,5,11.748,34.17,0.9,View_1F_C_18_5
1F,C,18열,6,일반 좌석,6,11.21,34.063,0.9,View_1F_C_18_6
1F,C,18열,7,일반 좌석,7,10.673,33.957,0.9,View_1F_C_18_7
1F,C,18열,8,일반 좌석,8,10.135,33.851,0.9,View_1F_C_18_8
1F,C,18열,9,일반 좌석,9,9.597,33.745,0.9,View_1F_C_18_9
1F,C,18열,10,일반 좌석,10,9.059,33.639,0.9,View_1F_C_18_10
1F,C,19열,1,일반 좌석,1,13.9,35.5,1.05,View_1F_C_19_1
1F,C,19열,2,일반 좌석,2,13.361,35.396,1.05,View_1F_C_19_2
1F,C,19열,3,일반 좌석,3,12.822,35.291,1.05,View_1F_C_19_3
1F,C,19열,4,일반 좌석,4,12.283,35.187,1.05,View_1F_C_19_4
1F,C,19열,5,일반 좌석,5,11.744,35.082,1.05,View_1F_C_19_5
1F,C,19열,6,일반 좌석,6,11.206,34.978,1.05,View_1F_C_19_6
1F,C,19열,7,일반 좌석,7,10.667,34.873,1.05,View_1F_C_19_7
1F,C,19열,8,일반 좌석,8,10.128,34.769,1.05,View_1F_C_19_8
1F,C,19열,9,일반 좌석,9,9.589,34.664,1.05,View_1F_C_19_9
1F,C,19열,10,일반 좌석,10,9.05,34.56,1.05,View_1F_C_19_10
1F,C,20열,1,장애인석,♿,13.7,36.35,1.31,View_1F_C_20_1
1F,C,20열,2,장애인석,♿,13.09,36.31,1.31,View_1F_C_20_2
1F,C,20열,3,장애인석,♿,12.59,36.27,1.31,View_1F_C_20_3
1F,C,20열,4,장애인석,♿,11.99,36.22,1.31,View_1F_C_20_4
1F,C,20열,5,none,,0.0,0.0,0.0,View_1F_C_20_5
1F,C,20열,6,none,,0.0,0.0,0.0,View_1F_C_20_6
1F,C,20열,7,none,,0.0,0.0,0.0,View_1F_C_20_7
1F,C,20열,8,일반 좌석,8,10.47,35.99,1.31,View_1F_C_20_8
1F,C,20열,9,일반 좌석,9,10.0,35.91,1.31,View_1F_C_20_9
1F,C,20열,10,일반 좌석,10,9.41,35.8,1.31,View_1F_C_20_10
2F,A,1열,1,none,,0.0,0.0,0.0,View_2F_A_1_1
2F,A,1열,2,일반 좌석,1,28.3,33.3,4.0,View_2F_A_1_2
2F,A,1열,3,일반 좌석,2,27.79,33.386,4.0,View_2F_A_1_3
2F,A,1열,4,일반 좌석,3,27.28,33.472,4.0,View_2F_A_1_4
2F,A,1열,5,일반 좌석,4,26.77,33.559,4.0,View_2F_A_1_5
2F,A,1열,6,일반 좌석,5,26.26,33.645,4.0,View_2F_A_1_6
2F,A,1열,7,일반 좌석,6,25.75,33.731,4.0,View_2F_A_1_7
2F,A,1열,8,일반 좌석,7,25.24,33.818,4.0,View_2F_A_1_8
2F,A,1열,9,일반 좌석,8,24.73,33.904,4.0,View_2F_A_1_9
2F,A,1열,10,일반 좌석,9,24.22,33.99,4.0,View_2F_A_1_10
2F,A,2열,1,일반 좌석,1,28.8,33.99,4.5,View_2F_A_2_1
2F,A,2열,2,일반 좌석,2,28.283,34.098,4.5,View_2F_A_2_2
2F,A,2열,3,일반 좌석,3,27.767,34.206,4.5,View_2F_A_2_3
2F,A,2열,4,일반 좌석,4,27.25,34.313,4.5,View_2F_A_2_4
2F,A,2열,5,일반 좌석,5,26.733,34.421,4.5,View_2F_A_2_5
2F,A,2열,6,일반 좌석,6,26.217,34.529,4.5,View_2F_A_2_6
2F,A,2열,7,일반 좌석,7,25.7,34.637,4.5,View_2F_A_2_7
2F,A,2열,8,일반 좌석,8,25.183,34.744,4.5,View_2F_A_2_8
2F,A,2열,9,일반 좌석,9,24.667,34.852,4.5,View_2F_A_2_9
2F,A,2열,10,일반 좌석,10,24.15,34.96,4.5,View_2F_A_2_10
2F,A,3열,1,일반 좌석,1,28.8,34.953,4.866,View_2F_A_3_1
2F,A,3열,2,일반 좌석,2,28.285,35.057,4.866,View_2F_A_3_2
2F,A,3열,3,일반 좌석,3,27.77,35.162,4.866,View_2F_A_3_3
2F,A,3열,4,일반 좌석,4,27.255,35.267,4.866,View_2F_A_3_4
2F,A,3열,5,일반 좌석,5,26.74,35.371,4.866,View_2F_A_3_5
2F,A,3열,6,일반 좌석,6,26.225,35.476,4.866,View_2F_A_3_6
2F,A,3열,7,일반 좌석,7,25.71,35.58,4.866,View_2F_A_3_7
2F,A,3열,8,일반 좌석,8,25.194,35.685,4.866,View_2F_A_3_8
2F,A,3열,9,일반 좌석,9,24.679,35.79,4.866,View_2F_A_3_9
2F,A,3열,10,일반 좌석,10,24.164,35.894,4.866,View_2F_A_3_10
2F,A,4열,1,일반 좌석,1,28.8,35.916,5.231,View_2F_A_4_1
2F,A,4열,2,일반 좌석,2,28.287,36.017,5.231,View_2F_A_4_2
2F,A,4열,3,일반 좌석,3,27.773,36.119,5.231,View_2F_A_4_3
2F,A,4열,4,일반 좌석,4,27.26,36.22,5.231,View_2F_A_4_4
2F,A,4열,5,일반 좌석,5,26.746,36.321,5.231,View_2F_A_4_5
2F,A,4열,6,일반 좌석,6,26.233,36.423,5.231,View_2F_A_4_6
2F,A,4열,7,일반 좌석,7,25.719,36.524,5.231,View_2F_A_4_7
2F,A,4열,8,일반 좌석,8,25.206,36.626,5.231,View_2F_A_4_8
2F,A,4열,9,일반 좌석,9,24.692,36.727,5.231,View_2F_A_4_9
2F,A,4열,10,일반 좌석,10,24.179,36.829,5.231,View_2F_A_4_10
2F,A,5열,1,일반 좌석,1,28.8,36.879,5.597,View_2F_A_5_1
2F,A,5열,2,일반 좌석,2,28.288,36.977,5.597,View_2F_A_5_2
2F,A,5열,3,일반 좌석,3,27.776,37.075,5.597,View_2F_A_5_3
2F,A,5열,4,일반 좌석,4,27.264,37.173,5.597,View_2F_A_5_4
2F,A,5열,5,일반 좌석,5,26.752,37.272,5.597,View_2F_A_5_5
2F,A,5열,6,일반 좌석,6,26.24,37.37,5.597,View_2F_A_5_6
2F,A,5열,7,일반 좌석,7,25.729,37.468,5.597,View_2F_A_5_7
2F,A,5열,8,일반 좌석,8,25.217,37.566,5.597,View_2F_A_5_8
2F,A,5열,9,일반 좌석,9,24.705,37.665,5.597,View_2F_A_5_9
2F,A,5열,10,일반 좌석,10,24.193,37.763,5.597,View_2F_A_5_10
2F,A,6열,1,일반 좌석,1,28.8,37.841,5.963,View_2F_A_6_1
2F,A,6열,2,일반 좌석,2,28.29,37.937,5.963,View_2F_A_6_2
2F,A,6열,3,일반 좌석,3,27.779,38.032,5.963,View_2F_A_6_3
2F,A,6열,4,일반 좌석,4,27.269,38.127,5.963,View_2F_A_6_4
2F,A,6열,5,일반 좌석,5,26.759,38.222,5.963,View_2F_A_6_5
2F,A,6열,6,일반 좌석,6,26.248,38.317,5.963,View_2F_A_6_6
2F,A,6열,7,일반 좌석,7,25.738,38.412,5.963,View_2F_A_6_7
2F,A,6열,8,일반 좌석,8,25.228,38.507,5.963,View_2F_A_6_8
2F,A,6열,9,일반 좌석,9,24.717,38.602,5.963,View_2F_A_6_9
2F,A,6열,10,일반 좌석,10,24.207,38.697,5.963,View_2F_A_6_10
2F,A,7열,1,일반 좌석,1,28.8,38.804,6.329,View_2F_A_7_1
2F,A,7열,2,일반 좌석,2,28.291,38.896,6.329,View_2F_A_7_2
2F,A,7열,3,일반 좌석,3,27.783,38.988,6.329,View_2F_A_7_3
2F,A,7열,4,일반 좌석,4,27.274,39.08,6.329,View_2F_A_7_4
2F,A,7열,5,일반 좌석,5,26.765,39.172,6.329,View_2F_A_7_5
2F,A,7열,6,일반 좌석,6,26.256,39.264,6.329,View_2F_A_7_6
2F,A,7열,7,일반 좌석,7,25.748,39.356,6.329,View_2F_A_7_7
2F,A,7열,8,일반 좌석,8,25.239,39.448,6.329,View_2F_A_7_8
2F,A,7열,9,일반 좌석,9,24.73,39.54,6.329,View_2F_A_7_9
2F,A,7열,10,일반 좌석,10,24.221,39.631,6.329,View_2F_A_7_10
2F,A,8열,1,일반 좌석,1,28.8,39.767,6.694,View_2F_A_8_1
2F,A,8열,2,일반 좌석,2,28.293,39.856,6.694,View_2F_A_8_2
2F,A,8열,3,일반 좌석,3,27.786,39.945,6.694,View_2F_A_8_3
2F,A,8열,4,일반 좌석,4,27.279,40.033,6.694,View_2F_A_8_4
2F,A,8열,5,일반 좌석,5,26.771,40.122,6.694,View_2F_A_8_5
2F,A,8열,6,일반 좌석,6,26.264,40.211,6.694,View_2F_A_8_6
2F,A,8열,7,일반 좌석,7,25.757,40.3,6.694,View_2F_A_8_7
2F,A,8열,8,일반 좌석,8,25.25,40.388,6.694,View_2F_A_8_8
2F,A,8열,9,일반 좌석,9,24.743,40.477,6.694,View_2F_A_8_9
2F,A,8열,10,일반 좌석,10,24.236,40.566,6.694,View_2F_A_8_10
2F,A,9열,1,일반 좌석,1,28.8,40.73,7.06,View_2F_A_9_1
2F,A,9열,2,일반 좌석,2,28.294,40.816,7.06,View_2F_A_9_2
2F,A,9열,3,일반 좌석,3,27.789,40.901,7.06,View_2F_A_9_3
2F,A,9열,4,일반 좌석,4,27.283,40.987,7.06,View_2F_A_9_4
2F,A,9열,5,일반 좌석,5,26.778,41.072,7.06,View_2F_A_9_5
2F,A,9열,6,일반 좌석,6,26.272,41.158,7.06,View_2F_A_9_6
2F,A,9열,7,일반 좌석,7,25.767,41.243,7.06,View_2F_A_9_7
2F,A,9열,8,일반 좌석,8,25.261,41.329,7.06,View_2F_A_9_8
2F,A,9열,9,일반 좌석,9,24.756,41.414,7.06,View_2F_A_9_9
2F,A,9열,10,일반 좌석,10,24.25,41.5,7.06,View_2F_A_9_10
2F,B,1열,1,확장좌석27,1,22.39,34.27,3.93,View_2F_B_1_1
2F,B,1열,2,확장좌석27,2,21.702,34.262,3.93,View_2F_B_1_2
2F,B,1열,3,확장좌석27,3,21.014,34.254,3.93,View_2F_B_1_3
2F,B,1열,4,확장좌석27,4,20.326,34.246,3.93,View_2F_B_1_4
2F,B,1열,5,확장좌석27,5,19.638,34.238,3.93,View_2F_B_1_5
2F,B,1열,6,확장좌석27,6,18.95,34.23,3.93,View_2F_B_1_6
2F,B,1열,7,확장좌석27,7,18.262,34.222,3.93,View_2F_B_1_7
2F,B,1열,8,확장좌석27,8,17.574,34.214,3.93,View_2F_B_1_8
2F,B,1열,9,확장좌석27,9,16.886,34.206,3.93,View_2F_B_1_9
2F,B,1열,10,확장좌석27,10,16.198,34.198,3.93,View_2F_B_1_10
2F,B,1열,11,확장좌석27,11,15.51,34.19,3.93,View_2F_B_1_11
2F,B,1열,12,none,,0.0,0.0,0.0,View_2F_B_1_12
2F,B,1열,13,none,,0.0,0.0,0.0,View_2F_B_1_13
2F,B,1열,14,none,,0.0,0.0,0.0,View_2F_B_1_14
2F,B,2열,1,확장좌석17,1,22.29,35.12,4.33,View_2F_B_2_1
2F,B,2열,2,확장좌석17,2,21.685,35.123,4.33,View_2F_B_2_2
2F,B,2열,3,확장좌석17,3,21.079,35.125,4.33,View_2F_B_2_3
2F,B,2열,4,확장좌석17,4,20.474,35.128,4.33,View_2F_B_2_4
2F,B,2열,5,확장좌석17,5,19.868,35.131,4.33,View_2F_B_2_5
2F,B,2열,6,확장좌석17,6,19.263,35.134,4.33,View_2F_B_2_6
2F,B,2열,7,확장좌석17,7,18.657,35.136,4.33,View_2F_B_2_7
2F,B,2열,8,확장좌석17,8,18.052,35.139,4.33,View_2F_B_2_8
2F,B,2열,9,확장좌석17,9,17.446,35.142,4.33,View_2F_B_2_9
2F,B,2열,10,확장좌석17,10,16.841,35.145,4.33,View_2F_B_2_10
2F,B,2열,11,확장좌석17,11,16.235,35.147,4.33,View_2F_B_2_11
2F,B,2열,12,확장좌석17,12,15.63,35.15,4.33,View_2F_B_2_12
2F,B,2열,13,none,,0.0,0.0,0.0,View_2F_B_2_13
2F,B,2열,14,none,,0.0,0.0,0.0,View_2F_B_2_14
2F,B,3열,1,일반 좌석,1,22.4,36.01,4.8,View_2F_B_3_1
2F,B,3열,2,일반 좌석,2,21.877,36.012,4.8,View_2F_B_3_2
2F,B,3열,3,일반 좌석,3,21.354,36.013,4.8,View_2F_B_3_3
2F,B,3열,4,일반 좌석,4,20.831,36.015,4.8,View_2F_B_3_4
2F,B,3열,5,일반 좌석,5,20.308,36.016,4.8,View_2F_B_3_5
2F,B,3열,6,일반 좌석,6,19.785,36.018,4.8,View_2F_B_3_6
2F,B,3열,7,일반 좌석,7,19.262,36.019,4.8,View_2F_B_3_7
2F,B,3열,8,일반 좌석,8,18.738,36.021,4.8,View_2F_B_3_8
2F,B,3열,9,일반 좌석,9,18.215,36.022,4.8,View_2F_B_3_9
2F,B,3열,10,일반 좌석,10,17.692,36.024,4.8,View_2F_B_3_10
2F,B,3열,11,일반 좌석,11,17.169,36.025,4.8,View_2F_B_3_11
2F,B,3열,12,일반 좌석,12,16.646,36.027,4.8,View_2F_B_3_12
2F,B,3열,13,일반 좌석,13,16.123,36.028,4.8,View_2F_B_3_13
2F,B,3열,14,일반 좌석,14,15.6,36.03,4.8,View_2F_B_3_14
2F,B,4열,1,일반 좌석,1,22.418,36.958,5.22,View_2F_B_4_1
2F,B,4열,2,일반 좌석,2,21.894,36.959,5.22,View_2F_B_4_2
2F,B,4열,3,일반 좌석,3,21.369,36.96,5.22,View_2F_B_4_3
2F,B,4열,4,일반 좌석,4,20.845,36.961,5.22,View_2F_B_4_4
2F,B,4열,5,일반 좌석,5,20.321,36.962,5.22,View_2F_B_4_5
2F,B,4열,6,일반 좌석,6,19.796,36.963,5.22,View_2F_B_4_6
2F,B,4열,7,일반 좌석,7,19.272,36.964,5.22,View_2F_B_4_7
2F,B,4열,8,일반 좌석,8,18.748,36.964,5.22,View_2F_B_4_8
2F,B,4열,9,일반 좌석,9,18.224,36.965,5.22,View_2F_B_4_9
2F,B,4열,10,일반 좌석,10,17.699,36.966,5.22,View_2F_B_4_10
2F,B,4열,11,일반 좌석,11,17.175,36.967,5.22,View_2F_B_4_11
2F,B,4열,12,일반 좌석,12,16.651,36.968,5.22,View_2F_B_4_12
2F,B,4열,13,일반 좌석,13,16.126,36.969,5.22,View_2F_B_4_13
2F,B,4열,14,일반 좌석,14,15.602,36.97,5.22,View_2F_B_4_14
2F,B,5열,1,일반 좌석,1,22.436,37.906,5.64,View_2F_B_5_1
2F,B,5열,2,일반 좌석,2,21.91,37.906,5.64,View_2F_B_5_2
2F,B,5열,3,일반 좌석,3,21.385,37.907,5.64,View_2F_B_5_3
2F,B,5열,4,일반 좌석,4,20.859,37.907,5.64,View_2F_B_5_4
2F,B,5열,5,일반 좌석,5,20.334,37.907,5.64,View_2F_B_5_5
2F,B,5열,6,일반 좌석,6,19.808,37.908,5.64,View_2F_B_5_6
2F,B,5열,7,일반 좌석,7,19.283,37.908,5.64,View_2F_B_5_7
2F,B,5열,8,일반 좌석,8,18.757,37.908,5.64,View_2F_B_5_8
2F,B,5열,9,일반 좌석,9,18.232,37.908,5.64,View_2F_B_5_9
2F,B,5열,10,일반 좌석,10,17.706,37.909,5.64,View_2F_B_5_10
2F,B,5열,11,일반 좌석,11,17.181,37.909,5.64,View_2F_B_5_11
2F,B,5열,12,일반 좌석,12,16.655,37.909,5.64,View_2F_B_5_12
2F,B,5열,13,일반 좌석,13,16.13,37.91,5.64,View_2F_B_5_13
2F,B,5열,14,일반 좌석,14,15.604,37.91,5.64,View_2F_B_5_14
2F,B,6열,1,일반 좌석,1,22.454,38.854,6.06,View_2F_B_6_1
2F,B,6열,2,일반 좌석,2,21.927,38.854,6.06,View_2F_B_6_2
2F,B,6열,3,일반 좌석,3,21.4,38.853,6.06,View_2F_B_6_3
2F,B,6열,4,일반 좌석,4,20.874,38.853,6.06,View_2F_B_6_4
2F,B,6열,5,일반 좌석,5,20.347,38.853,6.06,View_2F_B_6_5
2F,B,6열,6,일반 좌석,6,19.82,38.852,6.06,View_2F_B_6_6
2F,B,6열,7,일반 좌석,7,19.293,38.852,6.06,View_2F_B_6_7
2F,B,6열,8,일반 좌석,8,18.767,38.852,6.06,View_2F_B_6_8
2F,B,6열,9,일반 좌석,9,18.24,38.852,6.06,View_2F_B_6_9
2F,B,6열,10,일반 좌석,10,17.713,38.851,6.06,View_2F_B_6_10
2F,B,6열,11,일반 좌석,11,17.186,38.851,6.06,View_2F_B_6_11
2F,B,6열,12,일반 좌석,12,16.66,38.851,6.06,View_2F_B_6_12
2F,B,6열,13,일반 좌석,13,16.133,38.85,6.06,View_2F_B_6_13
2F,B,6열,14,일반 좌석,14,15.606,38.85,6.06,View_2F_B_6_14
2F,B,7열,1,일반 좌석,1,22.472,39.802,6.48,View_2F_B_7_1
2F,B,7열,2,일반 좌석,2,21.944,39.801,6.48,View_2F_B_7_2
2F,B,7열,3,일반 좌석,3,21.416,39.8,6.48,View_2F_B_7_3
2F,B,7열,4,일반 좌석,4,20.888,39.799,6.48,View_2F_B_7_4
2F,B,7열,5,일반 좌석,5,20.36,39.798,6.48,View_2F_B_7_5
2F,B,7열,6,일반 좌석,6,19.832,39.797,6.48,View_2F_B_7_6
2F,B,7열,7,일반 좌석,7,19.304,39.796,6.48,View_2F_B_7_7
2F,B,7열,8,일반 좌석,8,18.776,39.796,6.48,View_2F_B_7_8
2F,B,7열,9,일반 좌석,9,18.248,39.795,6.48,View_2F_B_7_9
2F,B,7열,10,일반 좌석,10,17.72,39.794,6.48,View_2F_B_7_10
2F,B,7열,11,일반 좌석,11,17.192,39.793,6.48,View_2F_B_7_11
2F,B,7열,12,일반 좌석,12,16.664,39.792,6.48,View_2F_B_7_12
2F,B,7열,13,일반 좌석,13,16.136,39.791,6.48,View_2F_B_7_13
2F,B,7열,14,일반 좌석,14,15.608,39.79,6.48,View_2F_B_7_14
2F,B,8열,1,일반 좌석,1,22.49,40.75,6.9,View_2F_B_8_1
2F,B,8열,2,일반 좌석,2,21.961,40.748,6.9,View_2F_B_8_2
2F,B,8열,3,일반 좌석,3,21.432,40.747,6.9,View_2F_B_8_3
2F,B,8열,4,일반 좌석,4,20.902,40.745,6.9,View_2F_B_8_4
2F,B,8열,5,일반 좌석,5,20.373,40.744,6.9,View_2F_B_8_5
2F,B,8열,6,일반 좌석,6,19.844,40.742,6.9,View_2F_B_8_6
2F,B,8열,7,일반 좌석,7,19.315,40.741,6.9,View_2F_B_8_7
2F,B,8열,8,일반 좌석,8,18.785,40.739,6.9,View_2F_B_8_8
2F,B,8열,9,일반 좌석,9,18.256,40.738,6.9,View_2F_B_8_9
2F,B,8열,10,일반 좌석,10,17.727,40.736,6.9,View_2F_B_8_10
2F,B,8열,11,일반 좌석,11,17.198,40.735,6.9,View_2F_B_8_11
2F,B,8열,12,일반 좌석,12,16.668,40.733,6.9,View_2F_B_8_12
2F,B,8열,13,일반 좌석,13,16.139,40.732,6.9,View_2F_B_8_13
2F,B,8열,14,일반 좌석,14,15.61,40.73,6.9,View_2F_B_8_14
2F,B,9열,1,none,,0.0,0.0,0.0,View_2F_B_9_1
2F,B,9열,2,none,,0.0,0.0,0.0,View_2F_B_9_2
2F,B,9열,3,none,,0.0,0.0,0.0,View_2F_B_9_3
2F,B,9열,4,none,,0.0,0.0,0.0,View_2F_B_9_4
2F,B,9열,5,none,,0.0,0.0,0.0,View_2F_B_9_5
2F,B,9열,6,none,,0.0,0.0,0.0,View_2F_B_9_6
2F,B,9열,7,none,,0.0,0.0,0.0,View_2F_B_9_7
2F,B,9열,8,none,,0.0,0.0,0.0,View_2F_B_9_8
2F,B,9열,9,none,,0.0,0.0,0.0,View_2F_B_9_9
2F,B,9열,10,none,,0.0,0.0,0.0,View_2F_B_9_10
2F,B,9열,11,none,,0.0,0.0,0.0,View_2F_B_9_11
2F,B,9열,12,none,,0.0,0.0,0.0,View_2F_B_9_12
2F,B,9열,13,none,,0.0,0.0,0.0,View_2F_B_9_13
2F,B,9열,14,none,,0.0,0.0,0.0,View_2F_B_9_14
2F,C,1열,1,일반 좌석,1,13.8,34.03,4.0,View_2F_C_1_1
2F,C,1열,2,일반 좌석,2,13.3,33.919,4.0,View_2F_C_1_2
2F,C,1열,3,일반 좌석,3,12.8,33.808,4.0,View_2F_C_1_3
2F,C,1열,4,일반 좌석,4,12.3,33.696,4.0,View_2F_C_1_4
2F,C,1열,5,일반 좌석,5,11.8,33.585,4.0,View_2F_C_1_5
2F,C,1열,6,일반 좌석,6,11.3,33.474,4.0,View_2F_C_1_6
2F,C,1열,7,일반 좌석,7,10.8,33.362,4.0,View_2F_C_1_7
2F,C,1열,8,일반 좌석,8,10.3,33.251,4.0,View_2F_C_1_8
2F,C,1열,9,일반 좌석,9,9.8,33.14,4.0,View_2F_C_1_9
2F,C,1열,10,none,,0.0,0.0,0.0,View_2F_C_1_10
2F,C,2열,1,일반 좌석,1,13.8,34.88,4.3,View_2F_C_2_1
2F,C,2열,2,일반 좌석,2,13.3,34.781,4.3,View_2F_C_2_2
2F,C,2열,3,일반 좌석,3,12.8,34.682,4.3,View_2F_C_2_3
2F,C,2열,4,일반 좌석,4,12.3,34.583,4.3,View_2F_C_2_4
2F,C,2열,5,일반 좌석,5,11.8,34.484,4.3,View_2F_C_2_5
2F,C,2열,6,일반 좌석,6,11.3,34.386,4.3,View_2F_C_2_6
2F,C,2열,7,일반 좌석,7,10.8,34.287,4.3,View_2F_C_2_7
2F,C,2열,8,일반 좌석,8,10.3,34.188,4.3,View_2F_C_2_8
2F,C,2열,9,일반 좌석,9,9.8,34.089,4.3,View_2F_C_2_9
2F,C,2열,10,일반 좌석,10,9.3,33.99,4.3,View_2F_C_2_10
2F,C,3열,1,일반 좌석,1,13.776,35.821,4.694,View_2F_C_3_1
2F,C,3열,2,일반 좌석,2,13.277,35.725,4.694,View_2F_C_3_2
2F,C,3열,3,일반 좌석,3,12.778,35.628,4.694,View_2F_C_3_3
2F,C,3열,4,일반 좌석,4,12.279,35.531,4.694,View_2F_C_3_4
2F,C,3열,5,일반 좌석,5,11.78,35.434,4.694,View_2F_C_3_5
2F,C,3열,6,일반 좌석,6,11.28,35.337,4.694,View_2F_C_3_6
2F,C,3열,7,일반 좌석,7,10.781,35.24,4.694,View_2F_C_3_7
2F,C,3열,8,일반 좌석,8,10.282,35.144,4.694,View_2F_C_3_8
2F,C,3열,9,일반 좌석,9,9.783,35.047,4.694,View_2F_C_3_9
2F,C,3열,10,일반 좌석,10,9.284,34.95,4.694,View_2F_C_3_10
2F,C,4열,1,일반 좌석,1,13.751,36.763,5.089,View_2F_C_4_1
2F,C,4열,2,일반 좌석,2,13.253,36.668,5.089,View_2F_C_4_2
2F,C,4열,3,일반 좌석,3,12.755,36.573,5.089,View_2F_C_4_3
2F,C,4열,4,일반 좌석,4,12.257,36.479,5.089,View_2F_C_4_4
2F,C,4열,5,일반 좌석,5,11.759,36.384,5.089,View_2F_C_4_5
2F,C,4열,6,일반 좌석,6,11.261,36.289,5.089,View_2F_C_4_6
2F,C,4열,7,일반 좌석,7,10.763,36.194,5.089,View_2F_C_4_7
2F,C,4열,8,일반 좌석,8,10.265,36.1,5.089,View_2F_C_4_8
2F,C,4열,9,일반 좌석,9,9.767,36.005,5.089,View_2F_C_4_9
2F,C,4열,10,일반 좌석,10,9.269,35.91,5.089,View_2F_C_4_10
2F,C,5열,1,일반 좌석,1,13.727,37.704,5.483,View_2F_C_5_1
2F,C,5열,2,일반 좌석,2,13.23,37.612,5.483,View_2F_C_5_2
2F,C,5열,3,일반 좌석,3,12.733,37.519,5.483,View_2F_C_5_3
2F,C,5열,4,일반 좌석,4,12.236,37.426,5.483,View_2F_C_5_4
2F,C,5열,5,일반 좌석,5,11.739,37.333,5.483,View_2F_C_5_5
2F,C,5열,6,일반 좌석,6,11.241,37.241,5.483,View_2F_C_5_6
2F,C,5열,7,일반 좌석,7,10.744,37.148,5.483,View_2F_C_5_7
2F,C,5열,8,일반 좌석,8,10.247,37.055,5.483,View_2F_C_5_8
2F,C,5열,9,일반 좌석,9,9.75,36.963,5.483,View_2F_C_5_9
2F,C,5열,10,일반 좌석,10,9.253,36.87,5.483,View_2F_C_5_10
2F,C,6열,1,일반 좌석,1,13.703,38.646,5.877,View_2F_C_6_1
2F,C,6열,2,일반 좌석,2,13.207,38.555,5.877,View_2F_C_6_2
2F,C,6열,3,일반 좌석,3,12.71,38.464,5.877,View_2F_C_6_3
2F,C,6열,4,일반 좌석,4,12.214,38.374,5.877,View_2F_C_6_4
2F,C,6열,5,일반 좌석,5,11.718,38.283,5.877,View_2F_C_6_5
2F,C,6열,6,일반 좌석,6,11.222,38.193,5.877,View_2F_C_6_6
2F,C,6열,7,일반 좌석,7,10.726,38.102,5.877,View_2F_C_6_7
2F,C,6열,8,일반 좌석,8,10.23,38.011,5.877,View_2F_C_6_8
2F,C,6열,9,일반 좌석,9,9.733,37.921,5.877,View_2F_C_6_9
2F,C,6열,10,일반 좌석,10,9.237,37.83,5.877,View_2F_C_6_10
2F,C,7열,1,일반 좌석,1,13.679,39.587,6.271,View_2F_C_7_1
2F,C,7열,2,일반 좌석,2,13.183,39.499,6.271,View_2F_C_7_2
2F,C,7열,3,일반 좌석,3,12.688,39.41,6.271,View_2F_C_7_3
2F,C,7열,4,일반 좌석,4,12.193,39.321,6.271,View_2F_C_7_4
2F,C,7열,5,일반 좌석,5,11.698,39.233,6.271,View_2F_C_7_5
2F,C,7열,6,일반 좌석,6,11.202,39.144,6.271,View_2F_C_7_6
2F,C,7열,7,일반 좌석,7,10.707,39.056,6.271,View_2F_C_7_7
2F,C,7열,8,일반 좌석,8,10.212,38.967,6.271,View_2F_C_7_8
2F,C,7열,9,일반 좌석,9,9.717,38.879,6.271,View_2F_C_7_9
2F,C,7열,10,일반 좌석,10,9.221,38.79,6.271,View_2F_C_7_10
2F,C,8열,1,일반 좌석,1,13.654,40.529,6.666,View_2F_C_8_1
2F,C,8열,2,일반 좌석,2,13.16,40.442,6.666,View_2F_C_8_2
2F,C,8열,3,일반 좌석,3,12.666,40.356,6.666,View_2F_C_8_3
2F,C,8열,4,일반 좌석,4,12.171,40.269,6.666,View_2F_C_8_4
2F,C,8열,5,일반 좌석,5,11.677,40.183,6.666,View_2F_C_8_5
2F,C,8열,6,일반 좌석,6,11.183,40.096,6.666,View_2F_C_8_6
2F,C,8열,7,일반 좌석,7,10.689,40.01,6.666,View_2F_C_8_7
2F,C,8열,8,일반 좌석,8,10.194,39.923,6.666,View_2F_C_8_8
2F,C,8열,9,일반 좌석,9,9.7,39.837,6.666,View_2F_C_8_9
2F,C,8열,10,일반 좌석,10,9.206,39.75,6.666,View_2F_C_8_10
2F,C,9열,1,일반 좌석,1,13.63,41.47,7.06,View_2F_C_9_1
2F,C,9열,2,일반 좌석,2,13.137,41.386,7.06,View_2F_C_9_2
2F,C,9열,3,일반 좌석,3,12.643,41.301,7.06,View_2F_C_9_3
2F,C,9열,4,일반 좌석,4,12.15,41.217,7.06,View_2F_C_9_4
2F,C,9열,5,일반 좌석,5,11.657,41.132,7.06,View_2F_C_9_5
2F,C,9열,6,일반 좌석,6,11.163,41.048,7.06,View_2F_C_9_6
2F,C,9열,7,일반 좌석,7,10.67,40.963,7.06,View_2F_C_9_7
2F,C,9열,8,일반 좌석,8,10.177,40.879,7.06,View_2F_C_9_8
2F,C,9열,9,일반 좌석,9,9.683,40.794,7.06,View_2F_C_9_9
2F,C,9열,10,일반 좌석,10,9.19,40.71,7.06,View_2F_C_9_10
3F,A,1열,1,일반 좌석,1,27.7,36.46,8.5,View_3F_A_1_1
3F,A,1열,2,일반 좌석,2,27.189,36.556,8.5,View_3F_A_1_2
3F,A,1열,3,일반 좌석,3,26.677,36.651,8.5,View_3F_A_1_3
3F,A,1열,4,일반 좌석,4,26.166,36.747,8.5,View_3F_A_1_4
3F,A,1열,5,일반 좌석,5,25.654,36.843,8.5,View_3F_A_1_5
3F,A,1열,6,일반 좌석,6,25.143,36.939,8.5,View_3F_A_1_6
3F,A,1열,7,일반 좌석,7,24.631,37.034,8.5,View_3F_A_1_7
3F,A,1열,8,일반 좌석,8,24.12,37.13,8.5,View_3F_A_1_8
3F,A,2열,1,일반 좌석,1,27.702,37.456,9.12,View_3F_A_2_1
3F,A,2열,2,일반 좌석,2,27.19,37.549,9.12,View_3F_A_2_2
3F,A,2열,3,일반 좌석,3,26.679,37.641,9.12,View_3F_A_2_3
3F,A,2열,4,일반 좌석,4,26.167,37.734,9.12,View_3F_A_2_4
3F,A,2열,5,일반 좌석,5,25.655,37.826,9.12,View_3F_A_2_5
3F,A,2열,6,일반 좌석,6,25.143,37.919,9.12,View_3F_A_2_6
3F,A,2열,7,일반 좌석,7,24.632,38.011,9.12,View_3F_A_2_7
3F,A,2열,8,일반 좌석,8,24.12,38.104,9.12,View_3F_A_2_8
3F,A,3열,1,일반 좌석,1,27.704,38.452,9.74,View_3F_A_3_1
3F,A,3열,2,일반 좌석,2,27.192,38.541,9.74,View_3F_A_3_2
3F,A,3열,3,일반 좌석,3,26.68,38.631,9.74,View_3F_A_3_3
3F,A,3열,4,일반 좌석,4,26.168,38.72,9.74,View_3F_A_3_4
3F,A,3열,5,일반 좌석,5,25.656,38.81,9.74,View_3F_A_3_5
3F,A,3열,6,일반 좌석,6,25.144,38.899,9.74,View_3F_A_3_6
3F,A,3열,7,일반 좌석,7,24.632,38.989,9.74,View_3F_A_3_7
3F,A,3열,8,일반 좌석,8,24.12,39.078,9.74,View_3F_A_3_8
3F,A,4열,1,일반 좌석,1,27.706,39.448,10.36,View_3F_A_4_1
3F,A,4열,2,일반 좌석,2,27.194,39.534,10.36,View_3F_A_4_2
3F,A,4열,3,일반 좌석,3,26.681,39.621,10.36,View_3F_A_4_3
3F,A,4열,4,일반 좌석,4,26.169,39.707,10.36,View_3F_A_4_4
3F,A,4열,5,일반 좌석,5,25.657,39.793,10.36,View_3F_A_4_5
3F,A,4열,6,일반 좌석,6,25.145,39.879,10.36,View_3F_A_4_6
3F,A,4열,7,일반 좌석,7,24.632,39.966,10.36,View_3F_A_4_7
3F,A,4열,8,일반 좌석,8,24.12,40.052,10.36,View_3F_A_4_8
3F,A,5열,1,일반 좌석,1,27.708,40.444,10.98,View_3F_A_5_1
3F,A,5열,2,일반 좌석,2,27.195,40.527,10.98,View_3F_A_5_2
3F,A,5열,3,일반 좌석,3,26.683,40.61,10.98,View_3F_A_5_3
3F,A,5열,4,일반 좌석,4,26.17,40.693,10.98,View_3F_A_5_4
3F,A,5열,5,일반 좌석,5,25.658,40.777,10.98,View_3F_A_5_5
3F,A,5열,6,일반 좌석,6,25.145,40.86,10.98,View_3F_A_5_6
3F,A,5열,7,일반 좌석,7,24.633,40.943,10.98,View_3F_A_5_7
3F,A,5열,8,일반 좌석,8,24.12,41.026,10.98,View_3F_A_5_8
3F,A,6열,1,일반 좌석,1,27.71,41.44,11.6,View_3F_A_6_1
3F,A,6열,2,일반 좌석,2,27.197,41.52,11.6,View_3F_A_6_2
3F,A,6열,3,일반 좌석,3,26.684,41.6,11.6,View_3F_A_6_3
3F,A,6열,4,일반 좌석,4,26.171,41.68,11.6,View_3F_A_6_4
3F,A,6열,5,일반 좌석,5,25.659,41.76,11.6,View_3F_A_6_5
3F,A,6열,6,일반 좌석,6,25.146,41.84,11.6,View_3F_A_6_6
3F,A,6열,7,일반 좌석,7,24.633,41.92,11.6,View_3F_A_6_7
3F,A,6열,8,일반 좌석,8,24.12,42.0,11.6,View_3F_A_6_8
3F,A,7열,1,none,,0.0,0.0,0.0,View_3F_A_7_1
3F,A,7열,2,none,,0.0,0.0,0.0,View_3F_A_7_2
3F,A,7열,3,none,,0.0,0.0,0.0,View_3F_A_7_3
3F,A,7열,4,none,,0.0,0.0,0.0,View_3F_A_7_4
3F,A,7열,5,none,,0.0,0.0,0.0,View_3F_A_7_5
3F,A,7열,6,none,,0.0,0.0,0.0,View_3F_A_7_6
3F,A,7열,7,none,,0.0,0.0,0.0,View_3F_A_7_7
3F,A,7열,8,none,,0.0,0.0,0.0,View_3F_A_7_8
3F,A,8열,1,none,,0.0,0.0,0.0,View_3F_A_8_1
3F,A,8열,2,none,,0.0,0.0,0.0,View_3F_A_8_2
3F,A,8열,3,none,,0.0,0.0,0.0,View_3F_A_8_3
3F,A,8열,4,none,,0.0,0.0,0.0,View_3F_A_8_4
3F,A,8열,5,none,,0.0,0.0,0.0,View_3F_A_8_5
3F,A,8열,6,none,,0.0,0.0,0.0,View_3F_A_8_6
3F,A,8열,7,none,,0.0,0.0,0.0,View_3F_A_8_7
3F,A,8열,8,none,,0.0,0.0,0.0,View_3F_A_8_8
3F,B,1열,1,일반 좌석,1,22.35,37.3,8.5,View_3F_B_1_1
3F,B,1열,2,일반 좌석,2,21.831,37.3,8.5,View_3F_B_1_2
3F,B,1열,3,일반 좌석,3,21.312,37.3,8.5,View_3F_B_1_3
3F,B,1열,4,일반 좌석,4,20.792,37.3,8.5,View_3F_B_1_4
3F,B,1열,5,일반 좌석,5,20.273,37.3,8.5,View_3F_B_1_5
3F,B,1열,6,일반 좌석,6,19.754,37.3,8.5,View_3F_B_1_6
3F,B,1열,7,일반 좌석,7,19.235,37.3,8.5,View_3F_B_1_7
3F,B,1열,8,일반 좌석,8,18.715,37.3,8.5,View_3F_B_1_8
3F,B,1열,9,일반 좌석,9,18.196,37.3,8.5,View_3F_B_1_9
3F,B,1열,10,일반 좌석,10,17.677,37.3,8.5,View_3F_B_1_10
3F,B,1열,11,일반 좌석,11,17.158,37.3,8.5,View_3F_B_1_11
3F,B,1열,12,일반 좌석,12,16.638,37.3,8.5,View_3F_B_1_12
3F,B,1열,13,일반 좌석,13,16.119,37.3,8.5,View_3F_B_1_13
3F,B,1열,14,일반 좌석,14,15.6,37.3,8.5,View_3F_B_1_14
3F,B,2열,1,일반 좌석,1,22.35,38.299,9.129,View_3F_B_2_1
3F,B,2열,2,일반 좌석,2,21.83,38.298,9.129,View_3F_B_2_2
3F,B,2열,3,일반 좌석,3,21.309,38.298,9.129,View_3F_B_2_3
3F,B,2열,4,일반 좌석,4,20.789,38.297,9.129,View_3F_B_2_4
3F,B,2열,5,일반 좌석,5,20.269,38.297,9.129,View_3F_B_2_5
3F,B,2열,6,일반 좌석,6,19.748,38.296,9.129,View_3F_B_2_6
3F,B,2열,7,일반 좌석,7,19.228,38.296,9.129,View_3F_B_2_7
3F,B,2열,8,일반 좌석,8,18.708,38.295,9.129,View_3F_B_2_8
3F,B,2열,9,일반 좌석,9,18.187,38.295,9.129,View_3F_B_2_9
3F,B,2열,10,일반 좌석,10,17.667,38.295,9.129,View_3F_B_2_10
3F,B,2열,11,일반 좌석,11,17.147,38.294,9.129,View_3F_B_2_11
3F,B,2열,12,일반 좌석,12,16.626,38.294,9.129,View_3F_B_2_12
3F,B,2열,13,일반 좌석,13,16.106,38.293,9.129,View_3F_B_2_13
3F,B,2열,14,일반 좌석,14,15.586,38.293,9.129,View_3F_B_2_14
3F,B,3열,1,일반 좌석,1,22.35,39.297,9.757,View_3F_B_3_1
3F,B,3열,2,일반 좌석,2,21.829,39.296,9.757,View_3F_B_3_2
3F,B,3열,3,일반 좌석,3,21.307,39.295,9.757,View_3F_B_3_3
3F,B,3열,4,일반 좌석,4,20.786,39.295,9.757,View_3F_B_3_4
3F,B,3열,5,일반 좌석,5,20.264,39.294,9.757,View_3F_B_3_5
3F,B,3열,6,일반 좌석,6,19.743,39.293,9.757,View_3F_B_3_6
3F,B,3열,7,일반 좌석,7,19.221,39.292,9.757,View_3F_B_3_7
3F,B,3열,8,일반 좌석,8,18.7,39.291,9.757,View_3F_B_3_8
3F,B,3열,9,일반 좌석,9,18.179,39.29,9.757,View_3F_B_3_9
3F,B,3열,10,일반 좌석,10,17.657,39.289,9.757,View_3F_B_3_10
3F,B,3열,11,일반 좌석,11,17.136,39.288,9.757,View_3F_B_3_11
3F,B,3열,12,일반 좌석,12,16.614,39.287,9.757,View_3F_B_3_12
3F,B,3열,13,일반 좌석,13,16.093,39.287,9.757,View_3F_B_3_13
3F,B,3열,14,일반 좌석,14,15.571,39.286,9.757,View_3F_B_3_14
3F,B,4열,1,일반 좌석,1,22.35,40.296,10.386,View_3F_B_4_1
3F,B,4열,2,일반 좌석,2,21.827,40.294,10.386,View_3F_B_4_2
3F,B,4열,3,일반 좌석,3,21.305,40.293,10.386,View_3F_B_4_3
3F,B,4열,4,일반 좌석,4,20.782,40.292,10.386,View_3F_B_4_4
3F,B,4열,5,일반 좌석,5,20.26,40.29,10.386,View_3F_B_4_5
3F,B,4열,6,일반 좌석,6,19.737,40.289,10.386,View_3F_B_4_6
3F,B,4열,7,일반 좌석,7,19.215,40.288,10.386,View_3F_B_4_7
3F,B,4열,8,일반 좌석,8,18.692,40.286,10.386,View_3F_B_4_8
3F,B,4열,9,일반 좌석,9,18.17,40.285,10.386,View_3F_B_4_9
3F,B,4열,10,일반 좌석,10,17.647,40.284,10.386,View_3F_B_4_10
3F,B,4열,11,일반 좌석,11,17.125,40.283,10.386,View_3F_B_4_11
3F,B,4열,12,일반 좌석,12,16.602,40.281,10.386,View_3F_B_4_12
3F,B,4열,13,일반 좌석,13,16.08,40.28,10.386,View_3F_B_4_13
3F,B,4열,14,일반 좌석,14,15.557,40.279,10.386,View_3F_B_4_14
3F,B,5열,1,일반 좌석,1,22.35,41.294,11.014,View_3F_B_5_1
3F,B,5열,2,일반 좌석,2,21.826,41.293,11.014,View_3F_B_5_2
3F,B,5열,3,일반 좌석,3,21.303,41.291,11.014,View_3F_B_5_3
3F,B,5열,4,일반 좌석,4,20.779,41.289,11.014,View_3F_B_5_4
3F,B,5열,5,일반 좌석,5,20.255,41.287,11.014,View_3F_B_5_5
3F,B,5열,6,일반 좌석,6,19.732,41.285,11.014,View_3F_B_5_6
3F,B,5열,7,일반 좌석,7,19.208,41.284,11.014,View_3F_B_5_7
3F,B,5열,8,일반 좌석,8,18.685,41.282,11.014,View_3F_B_5_8
3F,B,5열,9,일반 좌석,9,18.161,41.28,11.014,View_3F_B_5_9
3F,B,5열,10,일반 좌석,10,17.637,41.278,11.014,View_3F_B_5_10
3F,B,5열,11,일반 좌석,11,17.114,41.277,11.014,View_3F_B_5_11
3F,B,5열,12,일반 좌석,12,16.59,41.275,11.014,View_3F_B_5_12
3F,B,5열,13,일반 좌석,13,16.066,41.273,11.014,View_3F_B_5_13
3F,B,5열,14,일반 좌석,14,15.543,41.271,11.014,View_3F_B_5_14
3F,B,6열,1,일반 좌석,1,22.35,42.293,11.643,View_3F_B_6_1
3F,B,6열,2,일반 좌석,2,21.825,42.291,11.643,View_3F_B_6_2
3F,B,6열,3,일반 좌석,3,21.301,42.288,11.643,View_3F_B_6_3
3F,B,6열,4,일반 좌석,4,20.776,42.286,11.643,View_3F_B_6_4
3F,B,6열,5,일반 좌석,5,20.251,42.284,11.643,View_3F_B_6_5
3F,B,6열,6,일반 좌석,6,19.726,42.282,11.643,View_3F_B_6_6
3F,B,6열,7,일반 좌석,7,19.202,42.28,11.643,View_3F_B_6_7
3F,B,6열,8,일반 좌석,8,18.677,42.277,11.643,View_3F_B_6_8
3F,B,6열,9,일반 좌석,9,18.152,42.275,11.643,View_3F_B_6_9
3F,B,6열,10,일반 좌석,10,17.627,42.273,11.643,View_3F_B_6_10
3F,B,6열,11,일반 좌석,11,17.103,42.271,11.643,View_3F_B_6_11
3F,B,6열,12,일반 좌석,12,16.578,42.269,11.643,View_3F_B_6_12
3F,B,6열,13,일반 좌석,13,16.053,42.266,11.643,View_3F_B_6_13
3F,B,6열,14,일반 좌석,14,15.529,42.264,11.643,View_3F_B_6_14
3F,B,7열,1,일반 좌석,1,22.35,43.291,12.271,View_3F_B_7_1
3F,B,7열,2,일반 좌석,2,21.824,43.289,12.271,View_3F_B_7_2
3F,B,7열,3,일반 좌석,3,21.298,43.286,12.271,View_3F_B_7_3
3F,B,7열,4,일반 좌석,4,20.773,43.284,12.271,View_3F_B_7_4
3F,B,7열,5,일반 좌석,5,20.247,43.281,12.271,View_3F_B_7_5
3F,B,7열,6,일반 좌석,6,19.721,43.278,12.271,View_3F_B_7_6
3F,B,7열,7,일반 좌석,7,19.195,43.276,12.271,View_3F_B_7_7
3F,B,7열,8,일반 좌석,8,18.669,43.273,12.271,View_3F_B_7_8
3F,B,7열,9,일반 좌석,9,18.143,43.27,12.271,View_3F_B_7_9
3F,B,7열,10,일반 좌석,10,17.618,43.268,12.271,View_3F_B_7_10
3F,B,7열,11,일반 좌석,11,17.092,43.265,12.271,View_3F_B_7_11
3F,B,7열,12,일반 좌석,12,16.566,43.262,12.271,View_3F_B_7_12
3F,B,7열,13,일반 좌석,13,16.04,43.26,12.271,View_3F_B_7_13
3F,B,7열,14,일반 좌석,14,15.514,43.257,12.271,View_3F_B_7_14
3F,B,8열,1,일반 좌석,1,22.35,44.29,12.9,View_3F_B_8_1
3F,B,8열,2,일반 좌석,2,21.823,44.287,12.9,View_3F_B_8_2
3F,B,8열,3,일반 좌석,3,21.296,44.284,12.9,View_3F_B_8_3
3F,B,8열,4,일반 좌석,4,20.769,44.281,12.9,View_3F_B_8_4
3F,B,8열,5,일반 좌석,5,20.242,44.278,12.9,View_3F_B_8_5
3F,B,8열,6,일반 좌석,6,19.715,44.275,12.9,View_3F_B_8_6
3F,B,8열,7,일반 좌석,7,19.188,44.272,12.9,View_3F_B_8_7
3F,B,8열,8,일반 좌석,8,18.662,44.268,12.9,View_3F_B_8_8
3F,B,8열,9,일반 좌석,9,18.135,44.265,12.9,View_3F_B_8_9
3F,B,8열,10,일반 좌석,10,17.608,44.262,12.9,View_3F_B_8_10
3F,B,8열,11,일반 좌석,11,17.081,44.259,12.9,View_3F_B_8_11
3F,B,8열,12,일반 좌석,12,16.554,44.256,12.9,View_3F_B_8_12
3F,B,8열,13,일반 좌석,13,16.027,44.253,12.9,View_3F_B_8_13
3F,B,8열,14,일반 좌석,14,15.5,44.25,12.9,View_3F_B_8_14
3F,C,1열,1,일반 좌석,1,13.66,37.08,8.5,View_3F_C_1_1
3F,C,1열,2,일반 좌석,2,13.159,36.994,8.5,View_3F_C_1_2
3F,C,1열,3,일반 좌석,3,12.657,36.909,8.5,View_3F_C_1_3
3F,C,1열,4,일반 좌석,4,12.156,36.823,8.5,View_3F_C_1_4
3F,C,1열,5,일반 좌석,5,11.654,36.737,8.5,View_3F_C_1_5
3F,C,1열,6,일반 좌석,6,11.153,36.651,8.5,View_3F_C_1_6
3F,C,1열,7,일반 좌석,7,10.651,36.566,8.5,View_3F_C_1_7
3F,C,1열,8,일반 좌석,8,10.15,36.48,8.5,View_3F_C_1_8
3F,C,2열,1,일반 좌석,1,13.66,38.066,9.12,View_3F_C_2_1
3F,C,2열,2,일반 좌석,2,13.161,37.981,9.12,View_3F_C_2_2
3F,C,2열,3,일반 좌석,3,12.662,37.896,9.12,View_3F_C_2_3
3F,C,2열,4,일반 좌석,4,12.163,37.811,9.12,View_3F_C_2_4
3F,C,2열,5,일반 좌석,5,11.663,37.725,9.12,View_3F_C_2_5
3F,C,2열,6,일반 좌석,6,11.164,37.64,9.12,View_3F_C_2_6
3F,C,2열,7,일반 좌석,7,10.665,37.555,9.12,View_3F_C_2_7
3F,C,2열,8,일반 좌석,8,10.166,37.47,9.12,View_3F_C_2_8
3F,C,3열,1,일반 좌석,1,13.66,39.052,9.74,View_3F_C_3_1
3F,C,3열,2,일반 좌석,2,13.163,38.967,9.74,View_3F_C_3_2
3F,C,3열,3,일반 좌석,3,12.666,38.883,9.74,View_3F_C_3_3
3F,C,3열,4,일반 좌석,4,12.169,38.798,9.74,View_3F_C_3_4
3F,C,3열,5,일반 좌석,5,11.673,38.714,9.74,View_3F_C_3_5
3F,C,3열,6,일반 좌석,6,11.176,38.629,9.74,View_3F_C_3_6
3F,C,3열,7,일반 좌석,7,10.679,38.545,9.74,View_3F_C_3_7
3F,C,3열,8,일반 좌석,8,10.182,38.46,9.74,View_3F_C_3_8
3F,C,4열,1,일반 좌석,1,13.66,40.038,10.36,View_3F_C_4_1
3F,C,4열,2,일반 좌석,2,13.165,39.954,10.36,View_3F_C_4_2
3F,C,4열,3,일반 좌석,3,12.671,39.87,10.36,View_3F_C_4_3
3F,C,4열,4,일반 좌석,4,12.176,39.786,10.36,View_3F_C_4_4
3F,C,4열,5,일반 좌석,5,11.682,39.702,10.36,View_3F_C_4_5
3F,C,4열,6,일반 좌석,6,11.187,39.618,10.36,View_3F_C_4_6
3F,C,4열,7,일반 좌석,7,10.693,39.534,10.36,View_3F_C_4_7
3F,C,4열,8,일반 좌석,8,10.198,39.45,10.36,View_3F_C_4_8
3F,C,5열,1,일반 좌석,1,13.66,41.024,10.98,View_3F_C_5_1
3F,C,5열,2,일반 좌석,2,13.168,40.941,10.98,View_3F_C_5_2
3F,C,5열,3,일반 좌석,3,12.675,40.857,10.98,View_3F_C_5_3
3F,C,5열,4,일반 좌석,4,12.183,40.774,10.98,View_3F_C_5_4
3F,C,5열,5,일반 좌석,5,11.691,40.69,10.98,View_3F_C_5_5
3F,C,5열,6,일반 좌석,6,11.199,40.607,10.98,View_3F_C_5_6
3F,C,5열,7,일반 좌석,7,10.706,40.523,10.98,View_3F_C_5_7
3F,C,5열,8,일반 좌석,8,10.214,40.44,10.98,View_3F_C_5_8
3F,C,6열,1,일반 좌석,1,13.66,42.01,11.6,View_3F_C_6_1
3F,C,6열,2,일반 좌석,2,13.17,41.927,11.6,View_3F_C_6_2
3F,C,6열,3,일반 좌석,3,12.68,41.844,11.6,View_3F_C_6_3
3F,C,6열,4,일반 좌석,4,12.19,41.761,11.6,View_3F_C_6_4
3F,C,6열,5,일반 좌석,5,11.7,41.679,11.6,View_3F_C_6_5
3F,C,6열,6,일반 좌석,6,11.21,41.596,11.6,View_3F_C_6_6
3F,C,6열,7,일반 좌석,7,10.72,41.513,11.6,View_3F_C_6_7
3F,C,6열,8,일반 좌석,8,10.23,41.43,11.6,View_3F_C_6_8
3F,C,7열,1,none,,0.0,0.0,0.0,View_3F_C_7_1
3F,C,7열,2,none,,0.0,0.0,0.0,View_3F_C_7_2
3F,C,7열,3,none,,0.0,0.0,0.0,View_3F_C_7_3
3F,C,7열,4,none,,0.0,0.0,0.0,View_3F_C_7_4
3F,C,7열,5,none,,0.0,0.0,0.0,View_3F_C_7_5
3F,C,7열,6,none,,0.0,0.0,0.0,View_3F_C_7_6
3F,C,7열,7,none,,0.0,0.0,0.0,View_3F_C_7_7
3F,C,7열,8,none,,0.0,0.0,0.0,View_3F_C_7_8
3F,C,8열,1,none,,0.0,0.0,0.0,View_3F_C_8_1
3F,C,8열,2,none,,0.0,0.0,0.0,View_3F_C_8_2
3F,C,8열,3,none,,0.0,0.0,0.0,View_3F_C_8_3
3F,C,8열,4,none,,0.0,0.0,0.0,View_3F_C_8_4
3F,C,8열,5,none,,0.0,0.0,0.0,View_3F_C_8_5
3F,C,8열,6,none,,0.0,0.0,0.0,View_3F_C_8_6
3F,C,8열,7,none,,0.0,0.0,0.0,View_3F_C_8_7
3F,C,8열,8,none,,0.0,0.0,0.0,View_3F_C_8_8
